Burglary001_x264_0,Burglary,0
Burglary001_x264_1,Burglary,0
Burglary001_x264_2,Burglary,1
Burglary001_x264_3,Burglary,1
Burglary001_x264_4,Burglary,0
Burglary001_x264_5,Burglary,1
Burglary001_x264_6,Burglary,1
Burglary001_x264_7,Burglary,1
Burglary001_x264_8,Burglary,1
Burglary001_x264_9,Burglary,1
Burglary001_x264_10,Burglary,1
Burglary001_x264_11,Burglary,1
Burglary001_x264_12,Burglary,1
Burglary001_x264_13,Burglary,1
Burglary001_x264_14,Burglary,1
Burglary001_x264_15,Burglary,1
Burglary001_x264_16,Burglary,1
Burglary001_x264_17,Burglary,1
Burglary001_x264_18,Burglary,1
Burglary001_x264_19,Burglary,1
Burglary001_x264_20,Burglary,1
Burglary001_x264_21,Burglary,1
Burglary001_x264_22,Burglary,1
Burglary001_x264_23,Burglary,1
Burglary001_x264_24,Burglary,1
Burglary001_x264_25,Burglary,1
Burglary001_x264_26,Burglary,1
Burglary001_x264_27,Burglary,1
Burglary001_x264_28,Burglary,1
Burglary001_x264_29,Burglary,0
Burglary001_x264_30,Burglary,0
Burglary001_x264_31,Burglary,0
Burglary004_x264_0,Burglary,0
Burglary004_x264_1,Burglary,0
Burglary004_x264_2,Burglary,0
Burglary004_x264_3,Burglary,0
Burglary004_x264_4,Burglary,1
Burglary004_x264_5,Burglary,1
Burglary004_x264_6,Burglary,1
Burglary004_x264_7,Burglary,1
Burglary004_x264_8,Burglary,1
Burglary004_x264_9,Burglary,1
Burglary004_x264_10,Burglary,1
Burglary004_x264_11,Burglary,1
Burglary004_x264_12,Burglary,1
Burglary004_x264_13,Burglary,1
Burglary004_x264_14,Burglary,1
Burglary004_x264_15,Burglary,1
Burglary004_x264_16,Burglary,1
Burglary004_x264_17,Burglary,1
Burglary004_x264_18,Burglary,1
Burglary004_x264_19,Burglary,1
Burglary004_x264_20,Burglary,1
Burglary004_x264_21,Burglary,1
Burglary004_x264_22,Burglary,1
Burglary004_x264_23,Burglary,1
Burglary004_x264_24,Burglary,1
Burglary004_x264_25,Burglary,1
Burglary004_x264_26,Burglary,1
Burglary004_x264_27,Burglary,1
Burglary004_x264_28,Burglary,1
Burglary004_x264_29,Burglary,1
Burglary004_x264_30,Burglary,0
Burglary004_x264_31,Burglary,0
Burglary007_x264_0,Burglary,1
Burglary007_x264_1,Burglary,1
Burglary007_x264_2,Burglary,1
Burglary007_x264_3,Burglary,1
Burglary007_x264_4,Burglary,1
Burglary007_x264_5,Burglary,1
Burglary007_x264_6,Burglary,1
Burglary007_x264_7,Burglary,1
Burglary007_x264_8,Burglary,0
Burglary007_x264_9,Burglary,0
Burglary007_x264_10,Burglary,0
Burglary007_x264_11,Burglary,1
Burglary007_x264_12,Burglary,1
Burglary007_x264_13,Burglary,1
Burglary007_x264_14,Burglary,1
Burglary007_x264_15,Burglary,1
Burglary007_x264_16,Burglary,1
Burglary007_x264_17,Burglary,1
Burglary007_x264_18,Burglary,1
Burglary007_x264_19,Burglary,1
Burglary007_x264_20,Burglary,1
Burglary007_x264_21,Burglary,1
Burglary007_x264_22,Burglary,1
Burglary007_x264_23,Burglary,1
Burglary007_x264_24,Burglary,1
Burglary007_x264_25,Burglary,1
Burglary007_x264_26,Burglary,1
Burglary007_x264_27,Burglary,1
Burglary007_x264_28,Burglary,1
Burglary007_x264_29,Burglary,1
Burglary007_x264_30,Burglary,1
Burglary007_x264_31,Burglary,1
Burglary009_x264_0,Burglary,0
Burglary009_x264_1,Burglary,0
Burglary009_x264_2,Burglary,0
Burglary009_x264_3,Burglary,0
Burglary009_x264_4,Burglary,0
Burglary009_x264_5,Burglary,0
Burglary009_x264_6,Burglary,0
Burglary009_x264_7,Burglary,0
Burglary009_x264_8,Burglary,0
Burglary009_x264_9,Burglary,0
Burglary009_x264_10,Burglary,0
Burglary009_x264_11,Burglary,1
Burglary009_x264_12,Burglary,1
Burglary009_x264_13,Burglary,1
Burglary009_x264_14,Burglary,1
Burglary009_x264_15,Burglary,1
Burglary009_x264_16,Burglary,1
Burglary009_x264_17,Burglary,1
Burglary009_x264_18,Burglary,1
Burglary009_x264_19,Burglary,1
Burglary009_x264_20,Burglary,1
Burglary009_x264_21,Burglary,1
Burglary009_x264_22,Burglary,1
Burglary009_x264_23,Burglary,1
Burglary009_x264_24,Burglary,1
Burglary009_x264_25,Burglary,1
Burglary009_x264_26,Burglary,1
Burglary009_x264_27,Burglary,1
Burglary009_x264_28,Burglary,1
Burglary009_x264_29,Burglary,1
Burglary009_x264_30,Burglary,1
Burglary009_x264_31,Burglary,1
Burglary011_x264_0,Burglary,0
Burglary011_x264_1,Burglary,1
Burglary011_x264_2,Burglary,1
Burglary011_x264_3,Burglary,1
Burglary011_x264_4,Burglary,1
Burglary011_x264_5,Burglary,1
Burglary011_x264_6,Burglary,1
Burglary011_x264_7,Burglary,1
Burglary011_x264_8,Burglary,1
Burglary011_x264_9,Burglary,1
Burglary011_x264_10,Burglary,1
Burglary011_x264_11,Burglary,1
Burglary011_x264_12,Burglary,1
Burglary011_x264_13,Burglary,1
Burglary011_x264_14,Burglary,1
Burglary011_x264_15,Burglary,1
Burglary011_x264_16,Burglary,1
Burglary011_x264_17,Burglary,1
Burglary011_x264_18,Burglary,1
Burglary011_x264_19,Burglary,0
Burglary011_x264_20,Burglary,0
Burglary011_x264_21,Burglary,0
Burglary011_x264_22,Burglary,0
Burglary011_x264_23,Burglary,0
Burglary011_x264_24,Burglary,0
Burglary011_x264_25,Burglary,0
Burglary011_x264_26,Burglary,0
Burglary011_x264_27,Burglary,0
Burglary011_x264_28,Burglary,1
Burglary011_x264_29,Burglary,1
Burglary011_x264_30,Burglary,0
Burglary011_x264_31,Burglary,0
Burglary012_x264_0,Burglary,1
Burglary012_x264_1,Burglary,1
Burglary012_x264_2,Burglary,1
Burglary012_x264_3,Burglary,1
Burglary012_x264_4,Burglary,1
Burglary012_x264_5,Burglary,1
Burglary012_x264_6,Burglary,1
Burglary012_x264_7,Burglary,1
Burglary012_x264_8,Burglary,1
Burglary012_x264_9,Burglary,1
Burglary012_x264_10,Burglary,1
Burglary012_x264_11,Burglary,1
Burglary012_x264_12,Burglary,1
Burglary012_x264_13,Burglary,1
Burglary012_x264_14,Burglary,1
Burglary012_x264_15,Burglary,1
Burglary012_x264_16,Burglary,1
Burglary012_x264_17,Burglary,1
Burglary012_x264_18,Burglary,1
Burglary012_x264_19,Burglary,1
Burglary012_x264_20,Burglary,1
Burglary012_x264_21,Burglary,1
Burglary012_x264_22,Burglary,1
Burglary012_x264_23,Burglary,1
Burglary012_x264_24,Burglary,1
Burglary012_x264_25,Burglary,1
Burglary012_x264_26,Burglary,1
Burglary012_x264_27,Burglary,1
Burglary012_x264_28,Burglary,1
Burglary012_x264_29,Burglary,1
Burglary012_x264_30,Burglary,1
Burglary012_x264_31,Burglary,1
Burglary013_x264_0,Burglary,0
Burglary013_x264_1,Burglary,0
Burglary013_x264_2,Burglary,0
Burglary013_x264_3,Burglary,1
Burglary013_x264_4,Burglary,1
Burglary013_x264_5,Burglary,1
Burglary013_x264_6,Burglary,1
Burglary013_x264_7,Burglary,1
Burglary013_x264_8,Burglary,1
Burglary013_x264_9,Burglary,1
Burglary013_x264_10,Burglary,1
Burglary013_x264_11,Burglary,1
Burglary013_x264_12,Burglary,1
Burglary013_x264_13,Burglary,1
Burglary013_x264_14,Burglary,1
Burglary013_x264_15,Burglary,1
Burglary013_x264_16,Burglary,1
Burglary013_x264_17,Burglary,1
Burglary013_x264_18,Burglary,1
Burglary013_x264_19,Burglary,1
Burglary013_x264_20,Burglary,1
Burglary013_x264_21,Burglary,1
Burglary013_x264_22,Burglary,1
Burglary013_x264_23,Burglary,1
Burglary013_x264_24,Burglary,1
Burglary013_x264_25,Burglary,1
Burglary013_x264_26,Burglary,1
Burglary013_x264_27,Burglary,1
Burglary013_x264_28,Burglary,1
Burglary013_x264_29,Burglary,1
Burglary013_x264_30,Burglary,1
Burglary013_x264_31,Burglary,1
Burglary014_x264_0,Burglary,1
Burglary014_x264_1,Burglary,1
Burglary014_x264_2,Burglary,1
Burglary014_x264_3,Burglary,1
Burglary014_x264_4,Burglary,1
Burglary014_x264_5,Burglary,1
Burglary014_x264_6,Burglary,1
Burglary014_x264_7,Burglary,1
Burglary014_x264_8,Burglary,1
Burglary014_x264_9,Burglary,1
Burglary014_x264_10,Burglary,1
Burglary014_x264_11,Burglary,1
Burglary014_x264_12,Burglary,1
Burglary014_x264_13,Burglary,1
Burglary014_x264_14,Burglary,1
Burglary014_x264_15,Burglary,1
Burglary014_x264_16,Burglary,1
Burglary014_x264_17,Burglary,1
Burglary014_x264_18,Burglary,1
Burglary014_x264_19,Burglary,1
Burglary014_x264_20,Burglary,1
Burglary014_x264_21,Burglary,1
Burglary014_x264_22,Burglary,1
Burglary014_x264_23,Burglary,1
Burglary014_x264_24,Burglary,1
Burglary014_x264_25,Burglary,0
Burglary014_x264_26,Burglary,0
Burglary014_x264_27,Burglary,1
Burglary014_x264_28,Burglary,1
Burglary014_x264_29,Burglary,1
Burglary014_x264_30,Burglary,1
Burglary014_x264_31,Burglary,1
Burglary015_x264_0,Burglary,0
Burglary015_x264_1,Burglary,0
Burglary015_x264_2,Burglary,0
Burglary015_x264_3,Burglary,1
Burglary015_x264_4,Burglary,1
Burglary015_x264_5,Burglary,1
Burglary015_x264_6,Burglary,1
Burglary015_x264_7,Burglary,1
Burglary015_x264_8,Burglary,1
Burglary015_x264_9,Burglary,1
Burglary015_x264_10,Burglary,1
Burglary015_x264_11,Burglary,1
Burglary015_x264_12,Burglary,1
Burglary015_x264_13,Burglary,1
Burglary015_x264_14,Burglary,1
Burglary015_x264_15,Burglary,1
Burglary015_x264_16,Burglary,1
Burglary015_x264_17,Burglary,1
Burglary015_x264_18,Burglary,1
Burglary015_x264_19,Burglary,1
Burglary015_x264_20,Burglary,1
Burglary015_x264_21,Burglary,1
Burglary015_x264_22,Burglary,1
Burglary015_x264_23,Burglary,1
Burglary015_x264_24,Burglary,1
Burglary015_x264_25,Burglary,1
Burglary015_x264_26,Burglary,1
Burglary015_x264_27,Burglary,1
Burglary015_x264_28,Burglary,1
Burglary015_x264_29,Burglary,1
Burglary015_x264_30,Burglary,1
Burglary015_x264_31,Burglary,1
Burglary017_x264_0,Burglary,0
Burglary017_x264_1,Burglary,0
Burglary017_x264_2,Burglary,1
Burglary017_x264_3,Burglary,1
Burglary017_x264_4,Burglary,1
Burglary017_x264_5,Burglary,1
Burglary017_x264_6,Burglary,1
Burglary017_x264_7,Burglary,1
Burglary017_x264_8,Burglary,1
Burglary017_x264_9,Burglary,1
Burglary017_x264_10,Burglary,1
Burglary017_x264_11,Burglary,0
Burglary017_x264_12,Burglary,1
Burglary017_x264_13,Burglary,1
Burglary017_x264_14,Burglary,1
Burglary017_x264_15,Burglary,1
Burglary017_x264_16,Burglary,0
Burglary017_x264_17,Burglary,0
Burglary017_x264_18,Burglary,0
Burglary017_x264_19,Burglary,0
Burglary017_x264_20,Burglary,1
Burglary017_x264_21,Burglary,1
Burglary017_x264_22,Burglary,1
Burglary017_x264_23,Burglary,1
Burglary017_x264_24,Burglary,1
Burglary017_x264_25,Burglary,1
Burglary017_x264_26,Burglary,1
Burglary017_x264_27,Burglary,1
Burglary017_x264_28,Burglary,1
Burglary017_x264_29,Burglary,1
Burglary017_x264_30,Burglary,0
Burglary017_x264_31,Burglary,1
Burglary018_x264_0,Burglary,0
Burglary018_x264_1,Burglary,0
Burglary018_x264_2,Burglary,0
Burglary018_x264_3,Burglary,0
Burglary018_x264_4,Burglary,0
Burglary018_x264_5,Burglary,0
Burglary018_x264_6,Burglary,0
Burglary018_x264_7,Burglary,0
Burglary018_x264_8,Burglary,0
Burglary018_x264_9,Burglary,0
Burglary018_x264_10,Burglary,0
Burglary018_x264_11,Burglary,0
Burglary018_x264_12,Burglary,0
Burglary018_x264_13,Burglary,0
Burglary018_x264_14,Burglary,0
Burglary018_x264_15,Burglary,0
Burglary018_x264_16,Burglary,0
Burglary018_x264_17,Burglary,1
Burglary018_x264_18,Burglary,1
Burglary018_x264_19,Burglary,1
Burglary018_x264_20,Burglary,1
Burglary018_x264_21,Burglary,1
Burglary018_x264_22,Burglary,1
Burglary018_x264_23,Burglary,1
Burglary018_x264_24,Burglary,1
Burglary018_x264_25,Burglary,1
Burglary018_x264_26,Burglary,1
Burglary018_x264_27,Burglary,1
Burglary018_x264_28,Burglary,1
Burglary018_x264_29,Burglary,1
Burglary018_x264_30,Burglary,1
Burglary018_x264_31,Burglary,1
Burglary019_x264_0,Burglary,1
Burglary019_x264_1,Burglary,1
Burglary019_x264_2,Burglary,1
Burglary019_x264_3,Burglary,1
Burglary019_x264_4,Burglary,1
Burglary019_x264_5,Burglary,1
Burglary019_x264_6,Burglary,1
Burglary019_x264_7,Burglary,1
Burglary019_x264_8,Burglary,1
Burglary019_x264_9,Burglary,1
Burglary019_x264_10,Burglary,1
Burglary019_x264_11,Burglary,1
Burglary019_x264_12,Burglary,1
Burglary019_x264_13,Burglary,1
Burglary019_x264_14,Burglary,1
Burglary019_x264_15,Burglary,1
Burglary019_x264_16,Burglary,1
Burglary019_x264_17,Burglary,1
Burglary019_x264_18,Burglary,1
Burglary019_x264_19,Burglary,1
Burglary019_x264_20,Burglary,1
Burglary019_x264_21,Burglary,1
Burglary019_x264_22,Burglary,1
Burglary019_x264_23,Burglary,1
Burglary019_x264_24,Burglary,1
Burglary019_x264_25,Burglary,1
Burglary019_x264_26,Burglary,1
Burglary019_x264_27,Burglary,1
Burglary019_x264_28,Burglary,0
Burglary019_x264_29,Burglary,0
Burglary019_x264_30,Burglary,0
Burglary019_x264_31,Burglary,0
Burglary020_x264_0,Burglary,0
Burglary020_x264_1,Burglary,0
Burglary020_x264_2,Burglary,0
Burglary020_x264_3,Burglary,1
Burglary020_x264_4,Burglary,1
Burglary020_x264_5,Burglary,1
Burglary020_x264_6,Burglary,1
Burglary020_x264_7,Burglary,1
Burglary020_x264_8,Burglary,1
Burglary020_x264_9,Burglary,1
Burglary020_x264_10,Burglary,1
Burglary020_x264_11,Burglary,1
Burglary020_x264_12,Burglary,1
Burglary020_x264_13,Burglary,1
Burglary020_x264_14,Burglary,1
Burglary020_x264_15,Burglary,1
Burglary020_x264_16,Burglary,1
Burglary020_x264_17,Burglary,1
Burglary020_x264_18,Burglary,1
Burglary020_x264_19,Burglary,1
Burglary020_x264_20,Burglary,1
Burglary020_x264_21,Burglary,1
Burglary020_x264_22,Burglary,1
Burglary020_x264_23,Burglary,1
Burglary020_x264_24,Burglary,1
Burglary020_x264_25,Burglary,1
Burglary020_x264_26,Burglary,1
Burglary020_x264_27,Burglary,1
Burglary020_x264_28,Burglary,1
Burglary020_x264_29,Burglary,0
Burglary020_x264_30,Burglary,0
Burglary020_x264_31,Burglary,0
Burglary021_x264_0,Burglary,0
Burglary021_x264_1,Burglary,1
Burglary021_x264_2,Burglary,1
Burglary021_x264_3,Burglary,1
Burglary021_x264_4,Burglary,1
Burglary021_x264_5,Burglary,1
Burglary021_x264_6,Burglary,1
Burglary021_x264_7,Burglary,1
Burglary021_x264_8,Burglary,1
Burglary021_x264_9,Burglary,1
Burglary021_x264_10,Burglary,1
Burglary021_x264_11,Burglary,0
Burglary021_x264_12,Burglary,1
Burglary021_x264_13,Burglary,0
Burglary021_x264_14,Burglary,0
Burglary021_x264_15,Burglary,0
Burglary021_x264_16,Burglary,0
Burglary021_x264_17,Burglary,0
Burglary021_x264_18,Burglary,0
Burglary021_x264_19,Burglary,0
Burglary021_x264_20,Burglary,0
Burglary021_x264_21,Burglary,0
Burglary021_x264_22,Burglary,0
Burglary021_x264_23,Burglary,0
Burglary021_x264_24,Burglary,0
Burglary021_x264_25,Burglary,1
Burglary021_x264_26,Burglary,1
Burglary021_x264_27,Burglary,1
Burglary021_x264_28,Burglary,1
Burglary021_x264_29,Burglary,1
Burglary021_x264_30,Burglary,1
Burglary021_x264_31,Burglary,1
Burglary022_x264_0,Burglary,0
Burglary022_x264_1,Burglary,0
Burglary022_x264_2,Burglary,1
Burglary022_x264_3,Burglary,1
Burglary022_x264_4,Burglary,1
Burglary022_x264_5,Burglary,1
Burglary022_x264_6,Burglary,1
Burglary022_x264_7,Burglary,1
Burglary022_x264_8,Burglary,1
Burglary022_x264_9,Burglary,1
Burglary022_x264_10,Burglary,1
Burglary022_x264_11,Burglary,1
Burglary022_x264_12,Burglary,1
Burglary022_x264_13,Burglary,1
Burglary022_x264_14,Burglary,1
Burglary022_x264_15,Burglary,1
Burglary022_x264_16,Burglary,1
Burglary022_x264_17,Burglary,1
Burglary022_x264_18,Burglary,1
Burglary022_x264_19,Burglary,1
Burglary022_x264_20,Burglary,1
Burglary022_x264_21,Burglary,1
Burglary022_x264_22,Burglary,1
Burglary022_x264_23,Burglary,1
Burglary022_x264_24,Burglary,1
Burglary022_x264_25,Burglary,1
Burglary022_x264_26,Burglary,1
Burglary022_x264_27,Burglary,1
Burglary022_x264_28,Burglary,1
Burglary022_x264_29,Burglary,1
Burglary022_x264_30,Burglary,1
Burglary022_x264_31,Burglary,1
Burglary023_x264_0,Burglary,0
Burglary023_x264_1,Burglary,0
Burglary023_x264_2,Burglary,0
Burglary023_x264_3,Burglary,0
Burglary023_x264_4,Burglary,0
Burglary023_x264_5,Burglary,0
Burglary023_x264_6,Burglary,0
Burglary023_x264_7,Burglary,0
Burglary023_x264_8,Burglary,0
Burglary023_x264_9,Burglary,0
Burglary023_x264_10,Burglary,0
Burglary023_x264_11,Burglary,0
Burglary023_x264_12,Burglary,0
Burglary023_x264_13,Burglary,0
Burglary023_x264_14,Burglary,0
Burglary023_x264_15,Burglary,0
Burglary023_x264_16,Burglary,0
Burglary023_x264_17,Burglary,0
Burglary023_x264_18,Burglary,0
Burglary023_x264_19,Burglary,0
Burglary023_x264_20,Burglary,0
Burglary023_x264_21,Burglary,0
Burglary023_x264_22,Burglary,0
Burglary023_x264_23,Burglary,0
Burglary023_x264_24,Burglary,0
Burglary023_x264_25,Burglary,0
Burglary023_x264_26,Burglary,0
Burglary023_x264_27,Burglary,0
Burglary023_x264_28,Burglary,0
Burglary023_x264_29,Burglary,0
Burglary023_x264_30,Burglary,0
Burglary023_x264_31,Burglary,0
Burglary024_x264_0,Burglary,0
Burglary024_x264_1,Burglary,1
Burglary024_x264_2,Burglary,1
Burglary024_x264_3,Burglary,1
Burglary024_x264_4,Burglary,1
Burglary024_x264_5,Burglary,1
Burglary024_x264_6,Burglary,1
Burglary024_x264_7,Burglary,1
Burglary024_x264_8,Burglary,1
Burglary024_x264_9,Burglary,1
Burglary024_x264_10,Burglary,1
Burglary024_x264_11,Burglary,1
Burglary024_x264_12,Burglary,1
Burglary024_x264_13,Burglary,1
Burglary024_x264_14,Burglary,0
Burglary024_x264_15,Burglary,0
Burglary024_x264_16,Burglary,0
Burglary024_x264_17,Burglary,0
Burglary024_x264_18,Burglary,0
Burglary024_x264_19,Burglary,0
Burglary024_x264_20,Burglary,0
Burglary024_x264_21,Burglary,0
Burglary024_x264_22,Burglary,0
Burglary024_x264_23,Burglary,0
Burglary024_x264_24,Burglary,0
Burglary024_x264_25,Burglary,0
Burglary024_x264_26,Burglary,0
Burglary024_x264_27,Burglary,0
Burglary024_x264_28,Burglary,0
Burglary024_x264_29,Burglary,0
Burglary024_x264_30,Burglary,0
Burglary024_x264_31,Burglary,0
Burglary026_x264_0,Burglary,0
Burglary026_x264_1,Burglary,0
Burglary026_x264_2,Burglary,1
Burglary026_x264_3,Burglary,1
Burglary026_x264_4,Burglary,1
Burglary026_x264_5,Burglary,1
Burglary026_x264_6,Burglary,1
Burglary026_x264_7,Burglary,1
Burglary026_x264_8,Burglary,1
Burglary026_x264_9,Burglary,1
Burglary026_x264_10,Burglary,1
Burglary026_x264_11,Burglary,1
Burglary026_x264_12,Burglary,1
Burglary026_x264_13,Burglary,1
Burglary026_x264_14,Burglary,1
Burglary026_x264_15,Burglary,1
Burglary026_x264_16,Burglary,0
Burglary026_x264_17,Burglary,0
Burglary026_x264_18,Burglary,0
Burglary026_x264_19,Burglary,0
Burglary026_x264_20,Burglary,0
Burglary026_x264_21,Burglary,0
Burglary026_x264_22,Burglary,0
Burglary026_x264_23,Burglary,0
Burglary026_x264_24,Burglary,0
Burglary026_x264_25,Burglary,0
Burglary026_x264_26,Burglary,0
Burglary026_x264_27,Burglary,0
Burglary026_x264_28,Burglary,0
Burglary026_x264_29,Burglary,0
Burglary026_x264_30,Burglary,0
Burglary026_x264_31,Burglary,1
Burglary027_x264_0,Burglary,1
Burglary027_x264_1,Burglary,1
Burglary027_x264_2,Burglary,1
Burglary027_x264_3,Burglary,1
Burglary027_x264_4,Burglary,1
Burglary027_x264_5,Burglary,1
Burglary027_x264_6,Burglary,1
Burglary027_x264_7,Burglary,1
Burglary027_x264_8,Burglary,1
Burglary027_x264_9,Burglary,1
Burglary027_x264_10,Burglary,1
Burglary027_x264_11,Burglary,1
Burglary027_x264_12,Burglary,1
Burglary027_x264_13,Burglary,1
Burglary027_x264_14,Burglary,1
Burglary027_x264_15,Burglary,1
Burglary027_x264_16,Burglary,0
Burglary027_x264_17,Burglary,1
Burglary027_x264_18,Burglary,0
Burglary027_x264_19,Burglary,1
Burglary027_x264_20,Burglary,0
Burglary027_x264_21,Burglary,0
Burglary027_x264_22,Burglary,0
Burglary027_x264_23,Burglary,1
Burglary027_x264_24,Burglary,1
Burglary027_x264_25,Burglary,1
Burglary027_x264_26,Burglary,1
Burglary027_x264_27,Burglary,1
Burglary027_x264_28,Burglary,1
Burglary027_x264_29,Burglary,1
Burglary027_x264_30,Burglary,1
Burglary027_x264_31,Burglary,1
Burglary034_x264_0,Burglary,0
Burglary034_x264_1,Burglary,0
Burglary034_x264_2,Burglary,0
Burglary034_x264_3,Burglary,0
Burglary034_x264_4,Burglary,0
Burglary034_x264_5,Burglary,0
Burglary034_x264_6,Burglary,0
Burglary034_x264_7,Burglary,0
Burglary034_x264_8,Burglary,0
Burglary034_x264_9,Burglary,0
Burglary034_x264_10,Burglary,0
Burglary034_x264_11,Burglary,1
Burglary034_x264_12,Burglary,1
Burglary034_x264_13,Burglary,1
Burglary034_x264_14,Burglary,1
Burglary034_x264_15,Burglary,1
Burglary034_x264_16,Burglary,1
Burglary034_x264_17,Burglary,1
Burglary034_x264_18,Burglary,1
Burglary034_x264_19,Burglary,1
Burglary034_x264_20,Burglary,0
Burglary034_x264_21,Burglary,0
Burglary034_x264_22,Burglary,0
Burglary034_x264_23,Burglary,0
Burglary034_x264_24,Burglary,0
Burglary034_x264_25,Burglary,0
Burglary034_x264_26,Burglary,0
Burglary034_x264_27,Burglary,0
Burglary034_x264_28,Burglary,0
Burglary034_x264_29,Burglary,0
Burglary034_x264_30,Burglary,0
Burglary034_x264_31,Burglary,0
Burglary035_x264_0,Burglary,0
Burglary035_x264_1,Burglary,0
Burglary035_x264_2,Burglary,1
Burglary035_x264_3,Burglary,1
Burglary035_x264_4,Burglary,1
Burglary035_x264_5,Burglary,1
Burglary035_x264_6,Burglary,1
Burglary035_x264_7,Burglary,1
Burglary035_x264_8,Burglary,1
Burglary035_x264_9,Burglary,1
Burglary035_x264_10,Burglary,1
Burglary035_x264_11,Burglary,0
Burglary035_x264_12,Burglary,0
Burglary035_x264_13,Burglary,0
Burglary035_x264_14,Burglary,0
Burglary035_x264_15,Burglary,0
Burglary035_x264_16,Burglary,0
Burglary035_x264_17,Burglary,0
Burglary035_x264_18,Burglary,0
Burglary035_x264_19,Burglary,0
Burglary035_x264_20,Burglary,0
Burglary035_x264_21,Burglary,0
Burglary035_x264_22,Burglary,0
Burglary035_x264_23,Burglary,0
Burglary035_x264_24,Burglary,0
Burglary035_x264_25,Burglary,0
Burglary035_x264_26,Burglary,0
Burglary035_x264_27,Burglary,0
Burglary035_x264_28,Burglary,0
Burglary035_x264_29,Burglary,0
Burglary035_x264_30,Burglary,0
Burglary035_x264_31,Burglary,0
Burglary036_x264_0,Burglary,0
Burglary036_x264_1,Burglary,0
Burglary036_x264_2,Burglary,1
Burglary036_x264_3,Burglary,1
Burglary036_x264_4,Burglary,1
Burglary036_x264_5,Burglary,1
Burglary036_x264_6,Burglary,1
Burglary036_x264_7,Burglary,1
Burglary036_x264_8,Burglary,1
Burglary036_x264_9,Burglary,1
Burglary036_x264_10,Burglary,1
Burglary036_x264_11,Burglary,1
Burglary036_x264_12,Burglary,1
Burglary036_x264_13,Burglary,1
Burglary036_x264_14,Burglary,1
Burglary036_x264_15,Burglary,1
Burglary036_x264_16,Burglary,1
Burglary036_x264_17,Burglary,1
Burglary036_x264_18,Burglary,1
Burglary036_x264_19,Burglary,1
Burglary036_x264_20,Burglary,1
Burglary036_x264_21,Burglary,1
Burglary036_x264_22,Burglary,1
Burglary036_x264_23,Burglary,1
Burglary036_x264_24,Burglary,1
Burglary036_x264_25,Burglary,1
Burglary036_x264_26,Burglary,1
Burglary036_x264_27,Burglary,1
Burglary036_x264_28,Burglary,1
Burglary036_x264_29,Burglary,1
Burglary036_x264_30,Burglary,1
Burglary036_x264_31,Burglary,1
Burglary037_x264_0,Burglary,0
Burglary037_x264_1,Burglary,0
Burglary037_x264_2,Burglary,0
Burglary037_x264_3,Burglary,0
Burglary037_x264_4,Burglary,1
Burglary037_x264_5,Burglary,1
Burglary037_x264_6,Burglary,1
Burglary037_x264_7,Burglary,0
Burglary037_x264_8,Burglary,0
Burglary037_x264_9,Burglary,0
Burglary037_x264_10,Burglary,1
Burglary037_x264_11,Burglary,1
Burglary037_x264_12,Burglary,1
Burglary037_x264_13,Burglary,1
Burglary037_x264_14,Burglary,1
Burglary037_x264_15,Burglary,1
Burglary037_x264_16,Burglary,1
Burglary037_x264_17,Burglary,1
Burglary037_x264_18,Burglary,1
Burglary037_x264_19,Burglary,1
Burglary037_x264_20,Burglary,1
Burglary037_x264_21,Burglary,1
Burglary037_x264_22,Burglary,1
Burglary037_x264_23,Burglary,1
Burglary037_x264_24,Burglary,1
Burglary037_x264_25,Burglary,1
Burglary037_x264_26,Burglary,1
Burglary037_x264_27,Burglary,1
Burglary037_x264_28,Burglary,1
Burglary037_x264_29,Burglary,1
Burglary037_x264_30,Burglary,1
Burglary037_x264_31,Burglary,0
Burglary041_x264_0,Burglary,0
Burglary041_x264_1,Burglary,0
Burglary041_x264_2,Burglary,1
Burglary041_x264_3,Burglary,1
Burglary041_x264_4,Burglary,1
Burglary041_x264_5,Burglary,1
Burglary041_x264_6,Burglary,1
Burglary041_x264_7,Burglary,1
Burglary041_x264_8,Burglary,1
Burglary041_x264_9,Burglary,1
Burglary041_x264_10,Burglary,1
Burglary041_x264_11,Burglary,1
Burglary041_x264_12,Burglary,1
Burglary041_x264_13,Burglary,1
Burglary041_x264_14,Burglary,1
Burglary041_x264_15,Burglary,1
Burglary041_x264_16,Burglary,1
Burglary041_x264_17,Burglary,1
Burglary041_x264_18,Burglary,1
Burglary041_x264_19,Burglary,1
Burglary041_x264_20,Burglary,1
Burglary041_x264_21,Burglary,1
Burglary041_x264_22,Burglary,1
Burglary041_x264_23,Burglary,1
Burglary041_x264_24,Burglary,1
Burglary041_x264_25,Burglary,1
Burglary041_x264_26,Burglary,1
Burglary041_x264_27,Burglary,1
Burglary041_x264_28,Burglary,1
Burglary041_x264_29,Burglary,1
Burglary041_x264_30,Burglary,1
Burglary041_x264_31,Burglary,1
Burglary046_x264_0,Burglary,0
Burglary046_x264_1,Burglary,0
Burglary046_x264_2,Burglary,0
Burglary046_x264_3,Burglary,0
Burglary046_x264_4,Burglary,0
Burglary046_x264_5,Burglary,0
Burglary046_x264_6,Burglary,1
Burglary046_x264_7,Burglary,1
Burglary046_x264_8,Burglary,1
Burglary046_x264_9,Burglary,1
Burglary046_x264_10,Burglary,1
Burglary046_x264_11,Burglary,1
Burglary046_x264_12,Burglary,1
Burglary046_x264_13,Burglary,1
Burglary046_x264_14,Burglary,1
Burglary046_x264_15,Burglary,1
Burglary046_x264_16,Burglary,1
Burglary046_x264_17,Burglary,1
Burglary046_x264_18,Burglary,1
Burglary046_x264_19,Burglary,0
Burglary046_x264_20,Burglary,0
Burglary046_x264_21,Burglary,1
Burglary046_x264_22,Burglary,1
Burglary046_x264_23,Burglary,1
Burglary046_x264_24,Burglary,1
Burglary046_x264_25,Burglary,1
Burglary046_x264_26,Burglary,1
Burglary046_x264_27,Burglary,1
Burglary046_x264_28,Burglary,1
Burglary046_x264_29,Burglary,1
Burglary046_x264_30,Burglary,1
Burglary046_x264_31,Burglary,1
Burglary048_x264_0,Burglary,0
Burglary048_x264_1,Burglary,0
Burglary048_x264_2,Burglary,0
Burglary048_x264_3,Burglary,0
Burglary048_x264_4,Burglary,0
Burglary048_x264_5,Burglary,0
Burglary048_x264_6,Burglary,1
Burglary048_x264_7,Burglary,1
Burglary048_x264_8,Burglary,1
Burglary048_x264_9,Burglary,1
Burglary048_x264_10,Burglary,1
Burglary048_x264_11,Burglary,1
Burglary048_x264_12,Burglary,1
Burglary048_x264_13,Burglary,1
Burglary048_x264_14,Burglary,1
Burglary048_x264_15,Burglary,1
Burglary048_x264_16,Burglary,1
Burglary048_x264_17,Burglary,1
Burglary048_x264_18,Burglary,1
Burglary048_x264_19,Burglary,1
Burglary048_x264_20,Burglary,1
Burglary048_x264_21,Burglary,1
Burglary048_x264_22,Burglary,1
Burglary048_x264_23,Burglary,1
Burglary048_x264_24,Burglary,1
Burglary048_x264_25,Burglary,1
Burglary048_x264_26,Burglary,1
Burglary048_x264_27,Burglary,1
Burglary048_x264_28,Burglary,1
Burglary048_x264_29,Burglary,1
Burglary048_x264_30,Burglary,1
Burglary048_x264_31,Burglary,1
Burglary051_x264_0,Burglary,1
Burglary051_x264_1,Burglary,1
Burglary051_x264_2,Burglary,1
Burglary051_x264_3,Burglary,1
Burglary051_x264_4,Burglary,1
Burglary051_x264_5,Burglary,1
Burglary051_x264_6,Burglary,1
Burglary051_x264_7,Burglary,1
Burglary051_x264_8,Burglary,1
Burglary051_x264_9,Burglary,1
Burglary051_x264_10,Burglary,1
Burglary051_x264_11,Burglary,1
Burglary051_x264_12,Burglary,1
Burglary051_x264_13,Burglary,1
Burglary051_x264_14,Burglary,1
Burglary051_x264_15,Burglary,1
Burglary051_x264_16,Burglary,1
Burglary051_x264_17,Burglary,1
Burglary051_x264_18,Burglary,1
Burglary051_x264_19,Burglary,1
Burglary051_x264_20,Burglary,1
Burglary051_x264_21,Burglary,1
Burglary051_x264_22,Burglary,1
Burglary051_x264_23,Burglary,1
Burglary051_x264_24,Burglary,1
Burglary051_x264_25,Burglary,1
Burglary051_x264_26,Burglary,1
Burglary051_x264_27,Burglary,1
Burglary051_x264_28,Burglary,1
Burglary051_x264_29,Burglary,1
Burglary051_x264_30,Burglary,1
Burglary051_x264_31,Burglary,1
Burglary053_x264_0,Burglary,0
Burglary053_x264_1,Burglary,0
Burglary053_x264_2,Burglary,0
Burglary053_x264_3,Burglary,0
Burglary053_x264_4,Burglary,0
Burglary053_x264_5,Burglary,0
Burglary053_x264_6,Burglary,0
Burglary053_x264_7,Burglary,0
Burglary053_x264_8,Burglary,0
Burglary053_x264_9,Burglary,0
Burglary053_x264_10,Burglary,0
Burglary053_x264_11,Burglary,0
Burglary053_x264_12,Burglary,0
Burglary053_x264_13,Burglary,0
Burglary053_x264_14,Burglary,0
Burglary053_x264_15,Burglary,0
Burglary053_x264_16,Burglary,0
Burglary053_x264_17,Burglary,0
Burglary053_x264_18,Burglary,0
Burglary053_x264_19,Burglary,0
Burglary053_x264_20,Burglary,0
Burglary053_x264_21,Burglary,0
Burglary053_x264_22,Burglary,0
Burglary053_x264_23,Burglary,0
Burglary053_x264_24,Burglary,0
Burglary053_x264_25,Burglary,0
Burglary053_x264_26,Burglary,0
Burglary053_x264_27,Burglary,0
Burglary053_x264_28,Burglary,0
Burglary053_x264_29,Burglary,1
Burglary053_x264_30,Burglary,1
Burglary053_x264_31,Burglary,1
Burglary055_x264_0,Burglary,0
Burglary055_x264_1,Burglary,0
Burglary055_x264_2,Burglary,0
Burglary055_x264_3,Burglary,0
Burglary055_x264_4,Burglary,0
Burglary055_x264_5,Burglary,0
Burglary055_x264_6,Burglary,0
Burglary055_x264_7,Burglary,0
Burglary055_x264_8,Burglary,0
Burglary055_x264_9,Burglary,0
Burglary055_x264_10,Burglary,0
Burglary055_x264_11,Burglary,0
Burglary055_x264_12,Burglary,0
Burglary055_x264_13,Burglary,0
Burglary055_x264_14,Burglary,0
Burglary055_x264_15,Burglary,0
Burglary055_x264_16,Burglary,0
Burglary055_x264_17,Burglary,0
Burglary055_x264_18,Burglary,1
Burglary055_x264_19,Burglary,1
Burglary055_x264_20,Burglary,1
Burglary055_x264_21,Burglary,1
Burglary055_x264_22,Burglary,0
Burglary055_x264_23,Burglary,0
Burglary055_x264_24,Burglary,0
Burglary055_x264_25,Burglary,0
Burglary055_x264_26,Burglary,0
Burglary055_x264_27,Burglary,0
Burglary055_x264_28,Burglary,0
Burglary055_x264_29,Burglary,0
Burglary055_x264_30,Burglary,0
Burglary055_x264_31,Burglary,1
Burglary056_x264_0,Burglary,0
Burglary056_x264_1,Burglary,0
Burglary056_x264_2,Burglary,1
Burglary056_x264_3,Burglary,1
Burglary056_x264_4,Burglary,1
Burglary056_x264_5,Burglary,1
Burglary056_x264_6,Burglary,1
Burglary056_x264_7,Burglary,1
Burglary056_x264_8,Burglary,1
Burglary056_x264_9,Burglary,1
Burglary056_x264_10,Burglary,1
Burglary056_x264_11,Burglary,1
Burglary056_x264_12,Burglary,1
Burglary056_x264_13,Burglary,1
Burglary056_x264_14,Burglary,1
Burglary056_x264_15,Burglary,1
Burglary056_x264_16,Burglary,1
Burglary056_x264_17,Burglary,1
Burglary056_x264_18,Burglary,1
Burglary056_x264_19,Burglary,1
Burglary056_x264_20,Burglary,1
Burglary056_x264_21,Burglary,1
Burglary056_x264_22,Burglary,1
Burglary056_x264_23,Burglary,1
Burglary056_x264_24,Burglary,1
Burglary056_x264_25,Burglary,1
Burglary056_x264_26,Burglary,1
Burglary056_x264_27,Burglary,1
Burglary056_x264_28,Burglary,1
Burglary056_x264_29,Burglary,1
Burglary056_x264_30,Burglary,1
Burglary056_x264_31,Burglary,1
Burglary066_x264_0,Burglary,0
Burglary066_x264_1,Burglary,0
Burglary066_x264_2,Burglary,1
Burglary066_x264_3,Burglary,1
Burglary066_x264_4,Burglary,1
Burglary066_x264_5,Burglary,1
Burglary066_x264_6,Burglary,1
Burglary066_x264_7,Burglary,1
Burglary066_x264_8,Burglary,1
Burglary066_x264_9,Burglary,1
Burglary066_x264_10,Burglary,1
Burglary066_x264_11,Burglary,1
Burglary066_x264_12,Burglary,1
Burglary066_x264_13,Burglary,1
Burglary066_x264_14,Burglary,1
Burglary066_x264_15,Burglary,1
Burglary066_x264_16,Burglary,1
Burglary066_x264_17,Burglary,1
Burglary066_x264_18,Burglary,1
Burglary066_x264_19,Burglary,1
Burglary066_x264_20,Burglary,1
Burglary066_x264_21,Burglary,1
Burglary066_x264_22,Burglary,1
Burglary066_x264_23,Burglary,1
Burglary066_x264_24,Burglary,1
Burglary066_x264_25,Burglary,1
Burglary066_x264_26,Burglary,1
Burglary066_x264_27,Burglary,1
Burglary066_x264_28,Burglary,0
Burglary066_x264_29,Burglary,0
Burglary066_x264_30,Burglary,0
Burglary066_x264_31,Burglary,0
Burglary069_x264_0,Burglary,0
Burglary069_x264_1,Burglary,0
Burglary069_x264_2,Burglary,1
Burglary069_x264_3,Burglary,1
Burglary069_x264_4,Burglary,1
Burglary069_x264_5,Burglary,1
Burglary069_x264_6,Burglary,1
Burglary069_x264_7,Burglary,1
Burglary069_x264_8,Burglary,1
Burglary069_x264_9,Burglary,1
Burglary069_x264_10,Burglary,1
Burglary069_x264_11,Burglary,1
Burglary069_x264_12,Burglary,1
Burglary069_x264_13,Burglary,1
Burglary069_x264_14,Burglary,0
Burglary069_x264_15,Burglary,0
Burglary069_x264_16,Burglary,0
Burglary069_x264_17,Burglary,0
Burglary069_x264_18,Burglary,0
Burglary069_x264_19,Burglary,0
Burglary069_x264_20,Burglary,0
Burglary069_x264_21,Burglary,1
Burglary069_x264_22,Burglary,1
Burglary069_x264_23,Burglary,1
Burglary069_x264_24,Burglary,1
Burglary069_x264_25,Burglary,1
Burglary069_x264_26,Burglary,1
Burglary069_x264_27,Burglary,1
Burglary069_x264_28,Burglary,1
Burglary069_x264_29,Burglary,1
Burglary069_x264_30,Burglary,1
Burglary069_x264_31,Burglary,1
Burglary071_x264_0,Burglary,0
Burglary071_x264_1,Burglary,0
Burglary071_x264_2,Burglary,1
Burglary071_x264_3,Burglary,1
Burglary071_x264_4,Burglary,1
Burglary071_x264_5,Burglary,1
Burglary071_x264_6,Burglary,1
Burglary071_x264_7,Burglary,1
Burglary071_x264_8,Burglary,1
Burglary071_x264_9,Burglary,1
Burglary071_x264_10,Burglary,1
Burglary071_x264_11,Burglary,1
Burglary071_x264_12,Burglary,1
Burglary071_x264_13,Burglary,1
Burglary071_x264_14,Burglary,1
Burglary071_x264_15,Burglary,1
Burglary071_x264_16,Burglary,1
Burglary071_x264_17,Burglary,1
Burglary071_x264_18,Burglary,1
Burglary071_x264_19,Burglary,1
Burglary071_x264_20,Burglary,1
Burglary071_x264_21,Burglary,1
Burglary071_x264_22,Burglary,1
Burglary071_x264_23,Burglary,1
Burglary071_x264_24,Burglary,1
Burglary071_x264_25,Burglary,0
Burglary071_x264_26,Burglary,0
Burglary071_x264_27,Burglary,0
Burglary071_x264_28,Burglary,0
Burglary071_x264_29,Burglary,0
Burglary071_x264_30,Burglary,0
Burglary071_x264_31,Burglary,0
Burglary072_x264_0,Burglary,0
Burglary072_x264_1,Burglary,0
Burglary072_x264_2,Burglary,1
Burglary072_x264_3,Burglary,1
Burglary072_x264_4,Burglary,1
Burglary072_x264_5,Burglary,1
Burglary072_x264_6,Burglary,1
Burglary072_x264_7,Burglary,1
Burglary072_x264_8,Burglary,1
Burglary072_x264_9,Burglary,1
Burglary072_x264_10,Burglary,1
Burglary072_x264_11,Burglary,0
Burglary072_x264_12,Burglary,0
Burglary072_x264_13,Burglary,0
Burglary072_x264_14,Burglary,0
Burglary072_x264_15,Burglary,0
Burglary072_x264_16,Burglary,0
Burglary072_x264_17,Burglary,0
Burglary072_x264_18,Burglary,0
Burglary072_x264_19,Burglary,0
Burglary072_x264_20,Burglary,0
Burglary072_x264_21,Burglary,0
Burglary072_x264_22,Burglary,0
Burglary072_x264_23,Burglary,0
Burglary072_x264_24,Burglary,0
Burglary072_x264_25,Burglary,0
Burglary072_x264_26,Burglary,0
Burglary072_x264_27,Burglary,0
Burglary072_x264_28,Burglary,0
Burglary072_x264_29,Burglary,0
Burglary072_x264_30,Burglary,0
Burglary072_x264_31,Burglary,0
Burglary074_x264_0,Burglary,0
Burglary074_x264_1,Burglary,0
Burglary074_x264_2,Burglary,1
Burglary074_x264_3,Burglary,1
Burglary074_x264_4,Burglary,1
Burglary074_x264_5,Burglary,1
Burglary074_x264_6,Burglary,1
Burglary074_x264_7,Burglary,1
Burglary074_x264_8,Burglary,1
Burglary074_x264_9,Burglary,1
Burglary074_x264_10,Burglary,1
Burglary074_x264_11,Burglary,1
Burglary074_x264_12,Burglary,1
Burglary074_x264_13,Burglary,1
Burglary074_x264_14,Burglary,1
Burglary074_x264_15,Burglary,1
Burglary074_x264_16,Burglary,1
Burglary074_x264_17,Burglary,1
Burglary074_x264_18,Burglary,1
Burglary074_x264_19,Burglary,1
Burglary074_x264_20,Burglary,1
Burglary074_x264_21,Burglary,1
Burglary074_x264_22,Burglary,1
Burglary074_x264_23,Burglary,1
Burglary074_x264_24,Burglary,1
Burglary074_x264_25,Burglary,1
Burglary074_x264_26,Burglary,1
Burglary074_x264_27,Burglary,1
Burglary074_x264_28,Burglary,1
Burglary074_x264_29,Burglary,1
Burglary074_x264_30,Burglary,1
Burglary074_x264_31,Burglary,1
Burglary077_x264_0,Burglary,0
Burglary077_x264_1,Burglary,0
Burglary077_x264_2,Burglary,1
Burglary077_x264_3,Burglary,1
Burglary077_x264_4,Burglary,1
Burglary077_x264_5,Burglary,1
Burglary077_x264_6,Burglary,1
Burglary077_x264_7,Burglary,1
Burglary077_x264_8,Burglary,1
Burglary077_x264_9,Burglary,1
Burglary077_x264_10,Burglary,1
Burglary077_x264_11,Burglary,1
Burglary077_x264_12,Burglary,1
Burglary077_x264_13,Burglary,1
Burglary077_x264_14,Burglary,1
Burglary077_x264_15,Burglary,1
Burglary077_x264_16,Burglary,1
Burglary077_x264_17,Burglary,1
Burglary077_x264_18,Burglary,1
Burglary077_x264_19,Burglary,1
Burglary077_x264_20,Burglary,1
Burglary077_x264_21,Burglary,1
Burglary077_x264_22,Burglary,1
Burglary077_x264_23,Burglary,1
Burglary077_x264_24,Burglary,1
Burglary077_x264_25,Burglary,1
Burglary077_x264_26,Burglary,1
Burglary077_x264_27,Burglary,1
Burglary077_x264_28,Burglary,1
Burglary077_x264_29,Burglary,1
Burglary077_x264_30,Burglary,1
Burglary077_x264_31,Burglary,1
Burglary080_x264_0,Burglary,0
Burglary080_x264_1,Burglary,0
Burglary080_x264_2,Burglary,0
Burglary080_x264_3,Burglary,1
Burglary080_x264_4,Burglary,1
Burglary080_x264_5,Burglary,1
Burglary080_x264_6,Burglary,1
Burglary080_x264_7,Burglary,1
Burglary080_x264_8,Burglary,1
Burglary080_x264_9,Burglary,1
Burglary080_x264_10,Burglary,1
Burglary080_x264_11,Burglary,1
Burglary080_x264_12,Burglary,1
Burglary080_x264_13,Burglary,1
Burglary080_x264_14,Burglary,1
Burglary080_x264_15,Burglary,1
Burglary080_x264_16,Burglary,1
Burglary080_x264_17,Burglary,1
Burglary080_x264_18,Burglary,1
Burglary080_x264_19,Burglary,1
Burglary080_x264_20,Burglary,1
Burglary080_x264_21,Burglary,1
Burglary080_x264_22,Burglary,1
Burglary080_x264_23,Burglary,1
Burglary080_x264_24,Burglary,1
Burglary080_x264_25,Burglary,1
Burglary080_x264_26,Burglary,1
Burglary080_x264_27,Burglary,1
Burglary080_x264_28,Burglary,1
Burglary080_x264_29,Burglary,1
Burglary080_x264_30,Burglary,1
Burglary080_x264_31,Burglary,1
Burglary082_x264_0,Burglary,0
Burglary082_x264_1,Burglary,0
Burglary082_x264_2,Burglary,0
Burglary082_x264_3,Burglary,0
Burglary082_x264_4,Burglary,0
Burglary082_x264_5,Burglary,0
Burglary082_x264_6,Burglary,0
Burglary082_x264_7,Burglary,0
Burglary082_x264_8,Burglary,0
Burglary082_x264_9,Burglary,0
Burglary082_x264_10,Burglary,0
Burglary082_x264_11,Burglary,0
Burglary082_x264_12,Burglary,0
Burglary082_x264_13,Burglary,1
Burglary082_x264_14,Burglary,1
Burglary082_x264_15,Burglary,1
Burglary082_x264_16,Burglary,1
Burglary082_x264_17,Burglary,1
Burglary082_x264_18,Burglary,1
Burglary082_x264_19,Burglary,1
Burglary082_x264_20,Burglary,0
Burglary082_x264_21,Burglary,0
Burglary082_x264_22,Burglary,0
Burglary082_x264_23,Burglary,0
Burglary082_x264_24,Burglary,0
Burglary082_x264_25,Burglary,0
Burglary082_x264_26,Burglary,0
Burglary082_x264_27,Burglary,0
Burglary082_x264_28,Burglary,0
Burglary082_x264_29,Burglary,0
Burglary082_x264_30,Burglary,0
Burglary082_x264_31,Burglary,0
Burglary084_x264_0,Burglary,0
Burglary084_x264_1,Burglary,0
Burglary084_x264_2,Burglary,0
Burglary084_x264_3,Burglary,1
Burglary084_x264_4,Burglary,1
Burglary084_x264_5,Burglary,1
Burglary084_x264_6,Burglary,1
Burglary084_x264_7,Burglary,1
Burglary084_x264_8,Burglary,1
Burglary084_x264_9,Burglary,1
Burglary084_x264_10,Burglary,1
Burglary084_x264_11,Burglary,1
Burglary084_x264_12,Burglary,0
Burglary084_x264_13,Burglary,1
Burglary084_x264_14,Burglary,1
Burglary084_x264_15,Burglary,1
Burglary084_x264_16,Burglary,1
Burglary084_x264_17,Burglary,1
Burglary084_x264_18,Burglary,1
Burglary084_x264_19,Burglary,1
Burglary084_x264_20,Burglary,1
Burglary084_x264_21,Burglary,1
Burglary084_x264_22,Burglary,1
Burglary084_x264_23,Burglary,1
Burglary084_x264_24,Burglary,1
Burglary084_x264_25,Burglary,1
Burglary084_x264_26,Burglary,1
Burglary084_x264_27,Burglary,1
Burglary084_x264_28,Burglary,1
Burglary084_x264_29,Burglary,1
Burglary084_x264_30,Burglary,1
Burglary084_x264_31,Burglary,1
Burglary085_x264_0,Burglary,1
Burglary085_x264_1,Burglary,0
Burglary085_x264_2,Burglary,0
Burglary085_x264_3,Burglary,0
Burglary085_x264_4,Burglary,0
Burglary085_x264_5,Burglary,1
Burglary085_x264_6,Burglary,1
Burglary085_x264_7,Burglary,1
Burglary085_x264_8,Burglary,1
Burglary085_x264_9,Burglary,0
Burglary085_x264_10,Burglary,1
Burglary085_x264_11,Burglary,1
Burglary085_x264_12,Burglary,1
Burglary085_x264_13,Burglary,1
Burglary085_x264_14,Burglary,0
Burglary085_x264_15,Burglary,0
Burglary085_x264_16,Burglary,0
Burglary085_x264_17,Burglary,1
Burglary085_x264_18,Burglary,0
Burglary085_x264_19,Burglary,0
Burglary085_x264_20,Burglary,0
Burglary085_x264_21,Burglary,1
Burglary085_x264_22,Burglary,0
Burglary085_x264_23,Burglary,0
Burglary085_x264_24,Burglary,0
Burglary085_x264_25,Burglary,0
Burglary085_x264_26,Burglary,0
Burglary085_x264_27,Burglary,0
Burglary085_x264_28,Burglary,1
Burglary085_x264_29,Burglary,0
Burglary085_x264_30,Burglary,0
Burglary085_x264_31,Burglary,0
Burglary086_x264_0,Burglary,0
Burglary086_x264_1,Burglary,0
Burglary086_x264_2,Burglary,0
Burglary086_x264_3,Burglary,0
Burglary086_x264_4,Burglary,0
Burglary086_x264_5,Burglary,0
Burglary086_x264_6,Burglary,0
Burglary086_x264_7,Burglary,0
Burglary086_x264_8,Burglary,0
Burglary086_x264_9,Burglary,0
Burglary086_x264_10,Burglary,1
Burglary086_x264_11,Burglary,1
Burglary086_x264_12,Burglary,0
Burglary086_x264_13,Burglary,0
Burglary086_x264_14,Burglary,0
Burglary086_x264_15,Burglary,0
Burglary086_x264_16,Burglary,0
Burglary086_x264_17,Burglary,0
Burglary086_x264_18,Burglary,0
Burglary086_x264_19,Burglary,0
Burglary086_x264_20,Burglary,0
Burglary086_x264_21,Burglary,0
Burglary086_x264_22,Burglary,0
Burglary086_x264_23,Burglary,0
Burglary086_x264_24,Burglary,0
Burglary086_x264_25,Burglary,0
Burglary086_x264_26,Burglary,0
Burglary086_x264_27,Burglary,0
Burglary086_x264_28,Burglary,0
Burglary086_x264_29,Burglary,0
Burglary086_x264_30,Burglary,0
Burglary086_x264_31,Burglary,0
Burglary087_x264_0,Burglary,0
Burglary087_x264_1,Burglary,0
Burglary087_x264_2,Burglary,0
Burglary087_x264_3,Burglary,0
Burglary087_x264_4,Burglary,0
Burglary087_x264_5,Burglary,0
Burglary087_x264_6,Burglary,0
Burglary087_x264_7,Burglary,0
Burglary087_x264_8,Burglary,0
Burglary087_x264_9,Burglary,0
Burglary087_x264_10,Burglary,0
Burglary087_x264_11,Burglary,0
Burglary087_x264_12,Burglary,1
Burglary087_x264_13,Burglary,1
Burglary087_x264_14,Burglary,1
Burglary087_x264_15,Burglary,1
Burglary087_x264_16,Burglary,1
Burglary087_x264_17,Burglary,1
Burglary087_x264_18,Burglary,1
Burglary087_x264_19,Burglary,1
Burglary087_x264_20,Burglary,1
Burglary087_x264_21,Burglary,1
Burglary087_x264_22,Burglary,1
Burglary087_x264_23,Burglary,1
Burglary087_x264_24,Burglary,1
Burglary087_x264_25,Burglary,0
Burglary087_x264_26,Burglary,0
Burglary087_x264_27,Burglary,0
Burglary087_x264_28,Burglary,0
Burglary087_x264_29,Burglary,0
Burglary087_x264_30,Burglary,0
Burglary087_x264_31,Burglary,0
Burglary089_x264_0,Burglary,0
Burglary089_x264_1,Burglary,1
Burglary089_x264_2,Burglary,1
Burglary089_x264_3,Burglary,1
Burglary089_x264_4,Burglary,1
Burglary089_x264_5,Burglary,1
Burglary089_x264_6,Burglary,1
Burglary089_x264_7,Burglary,1
Burglary089_x264_8,Burglary,1
Burglary089_x264_9,Burglary,1
Burglary089_x264_10,Burglary,1
Burglary089_x264_11,Burglary,1
Burglary089_x264_12,Burglary,1
Burglary089_x264_13,Burglary,1
Burglary089_x264_14,Burglary,1
Burglary089_x264_15,Burglary,1
Burglary089_x264_16,Burglary,1
Burglary089_x264_17,Burglary,1
Burglary089_x264_18,Burglary,1
Burglary089_x264_19,Burglary,1
Burglary089_x264_20,Burglary,1
Burglary089_x264_21,Burglary,1
Burglary089_x264_22,Burglary,1
Burglary089_x264_23,Burglary,1
Burglary089_x264_24,Burglary,1
Burglary089_x264_25,Burglary,1
Burglary089_x264_26,Burglary,1
Burglary089_x264_27,Burglary,1
Burglary089_x264_28,Burglary,1
Burglary089_x264_29,Burglary,1
Burglary089_x264_30,Burglary,1
Burglary089_x264_31,Burglary,1
Burglary090_x264_0,Burglary,0
Burglary090_x264_1,Burglary,0
Burglary090_x264_2,Burglary,0
Burglary090_x264_3,Burglary,0
Burglary090_x264_4,Burglary,1
Burglary090_x264_5,Burglary,1
Burglary090_x264_6,Burglary,1
Burglary090_x264_7,Burglary,1
Burglary090_x264_8,Burglary,1
Burglary090_x264_9,Burglary,1
Burglary090_x264_10,Burglary,1
Burglary090_x264_11,Burglary,1
Burglary090_x264_12,Burglary,1
Burglary090_x264_13,Burglary,1
Burglary090_x264_14,Burglary,1
Burglary090_x264_15,Burglary,1
Burglary090_x264_16,Burglary,1
Burglary090_x264_17,Burglary,1
Burglary090_x264_18,Burglary,1
Burglary090_x264_19,Burglary,1
Burglary090_x264_20,Burglary,1
Burglary090_x264_21,Burglary,1
Burglary090_x264_22,Burglary,1
Burglary090_x264_23,Burglary,1
Burglary090_x264_24,Burglary,1
Burglary090_x264_25,Burglary,1
Burglary090_x264_26,Burglary,1
Burglary090_x264_27,Burglary,1
Burglary090_x264_28,Burglary,1
Burglary090_x264_29,Burglary,1
Burglary090_x264_30,Burglary,1
Burglary090_x264_31,Burglary,1
Burglary091_x264_0,Burglary,0
Burglary091_x264_1,Burglary,0
Burglary091_x264_2,Burglary,0
Burglary091_x264_3,Burglary,0
Burglary091_x264_4,Burglary,1
Burglary091_x264_5,Burglary,1
Burglary091_x264_6,Burglary,1
Burglary091_x264_7,Burglary,1
Burglary091_x264_8,Burglary,1
Burglary091_x264_9,Burglary,1
Burglary091_x264_10,Burglary,1
Burglary091_x264_11,Burglary,1
Burglary091_x264_12,Burglary,1
Burglary091_x264_13,Burglary,1
Burglary091_x264_14,Burglary,1
Burglary091_x264_15,Burglary,1
Burglary091_x264_16,Burglary,1
Burglary091_x264_17,Burglary,1
Burglary091_x264_18,Burglary,1
Burglary091_x264_19,Burglary,1
Burglary091_x264_20,Burglary,1
Burglary091_x264_21,Burglary,1
Burglary091_x264_22,Burglary,1
Burglary091_x264_23,Burglary,1
Burglary091_x264_24,Burglary,1
Burglary091_x264_25,Burglary,1
Burglary091_x264_26,Burglary,1
Burglary091_x264_27,Burglary,1
Burglary091_x264_28,Burglary,1
Burglary091_x264_29,Burglary,1
Burglary091_x264_30,Burglary,1
Burglary091_x264_31,Burglary,1
Burglary094_x264_0,Burglary,0
Burglary094_x264_1,Burglary,0
Burglary094_x264_2,Burglary,0
Burglary094_x264_3,Burglary,0
Burglary094_x264_4,Burglary,0
Burglary094_x264_5,Burglary,0
Burglary094_x264_6,Burglary,0
Burglary094_x264_7,Burglary,0
Burglary094_x264_8,Burglary,0
Burglary094_x264_9,Burglary,0
Burglary094_x264_10,Burglary,0
Burglary094_x264_11,Burglary,0
Burglary094_x264_12,Burglary,0
Burglary094_x264_13,Burglary,0
Burglary094_x264_14,Burglary,0
Burglary094_x264_15,Burglary,0
Burglary094_x264_16,Burglary,0
Burglary094_x264_17,Burglary,0
Burglary094_x264_18,Burglary,0
Burglary094_x264_19,Burglary,0
Burglary094_x264_20,Burglary,0
Burglary094_x264_21,Burglary,0
Burglary094_x264_22,Burglary,0
Burglary094_x264_23,Burglary,0
Burglary094_x264_24,Burglary,0
Burglary094_x264_25,Burglary,0
Burglary094_x264_26,Burglary,0
Burglary094_x264_27,Burglary,1
Burglary094_x264_28,Burglary,1
Burglary094_x264_29,Burglary,0
Burglary094_x264_30,Burglary,0
Burglary094_x264_31,Burglary,0
Burglary099_x264_0,Burglary,0
Burglary099_x264_1,Burglary,1
Burglary099_x264_2,Burglary,1
Burglary099_x264_3,Burglary,1
Burglary099_x264_4,Burglary,1
Burglary099_x264_5,Burglary,1
Burglary099_x264_6,Burglary,1
Burglary099_x264_7,Burglary,1
Burglary099_x264_8,Burglary,1
Burglary099_x264_9,Burglary,1
Burglary099_x264_10,Burglary,1
Burglary099_x264_11,Burglary,1
Burglary099_x264_12,Burglary,1
Burglary099_x264_13,Burglary,1
Burglary099_x264_14,Burglary,1
Burglary099_x264_15,Burglary,1
Burglary099_x264_16,Burglary,1
Burglary099_x264_17,Burglary,1
Burglary099_x264_18,Burglary,0
Burglary099_x264_19,Burglary,1
Burglary099_x264_20,Burglary,1
Burglary099_x264_21,Burglary,1
Burglary099_x264_22,Burglary,1
Burglary099_x264_23,Burglary,0
Burglary099_x264_24,Burglary,0
Burglary099_x264_25,Burglary,1
Burglary099_x264_26,Burglary,1
Burglary099_x264_27,Burglary,1
Burglary099_x264_28,Burglary,1
Burglary099_x264_29,Burglary,1
Burglary099_x264_30,Burglary,1
Burglary099_x264_31,Burglary,1