Robbery001_x264_0,Robbery,0
Robbery001_x264_1,Robbery,0
Robbery001_x264_2,Robbery,0
Robbery001_x264_3,Robbery,0
Robbery001_x264_4,Robbery,0
Robbery001_x264_5,Robbery,0
Robbery001_x264_6,Robbery,0
Robbery001_x264_7,Robbery,0
Robbery001_x264_8,Robbery,0
Robbery001_x264_9,Robbery,0
Robbery001_x264_10,Robbery,0
Robbery001_x264_11,Robbery,0
Robbery001_x264_12,Robbery,0
Robbery001_x264_13,Robbery,0
Robbery001_x264_14,Robbery,0
Robbery001_x264_15,Robbery,0
Robbery001_x264_16,Robbery,1
Robbery001_x264_17,Robbery,1
Robbery001_x264_18,Robbery,1
Robbery001_x264_19,Robbery,1
Robbery001_x264_20,Robbery,1
Robbery001_x264_21,Robbery,1
Robbery001_x264_22,Robbery,1
Robbery001_x264_23,Robbery,1
Robbery001_x264_24,Robbery,1
Robbery001_x264_25,Robbery,0
Robbery001_x264_26,Robbery,0
Robbery001_x264_27,Robbery,0
Robbery001_x264_28,Robbery,0
Robbery001_x264_29,Robbery,0
Robbery001_x264_30,Robbery,0
Robbery001_x264_31,Robbery,0
Robbery002_x264_0,Robbery,0
Robbery002_x264_1,Robbery,0
Robbery002_x264_2,Robbery,1
Robbery002_x264_3,Robbery,1
Robbery002_x264_4,Robbery,1
Robbery002_x264_5,Robbery,0
Robbery002_x264_6,Robbery,0
Robbery002_x264_7,Robbery,0
Robbery002_x264_8,Robbery,0
Robbery002_x264_9,Robbery,0
Robbery002_x264_10,Robbery,1
Robbery002_x264_11,Robbery,1
Robbery002_x264_12,Robbery,1
Robbery002_x264_13,Robbery,1
Robbery002_x264_14,Robbery,0
Robbery002_x264_15,Robbery,0
Robbery002_x264_16,Robbery,0
Robbery002_x264_17,Robbery,0
Robbery002_x264_18,Robbery,0
Robbery002_x264_19,Robbery,0
Robbery002_x264_20,Robbery,0
Robbery002_x264_21,Robbery,0
Robbery002_x264_22,Robbery,0
Robbery002_x264_23,Robbery,0
Robbery002_x264_24,Robbery,0
Robbery002_x264_25,Robbery,0
Robbery002_x264_26,Robbery,0
Robbery002_x264_27,Robbery,0
Robbery002_x264_28,Robbery,0
Robbery002_x264_29,Robbery,0
Robbery002_x264_30,Robbery,0
Robbery002_x264_31,Robbery,0
Robbery003_x264_0,Robbery,0
Robbery003_x264_1,Robbery,0
Robbery003_x264_2,Robbery,0
Robbery003_x264_3,Robbery,0
Robbery003_x264_4,Robbery,0
Robbery003_x264_5,Robbery,0
Robbery003_x264_6,Robbery,0
Robbery003_x264_7,Robbery,0
Robbery003_x264_8,Robbery,0
Robbery003_x264_9,Robbery,1
Robbery003_x264_10,Robbery,1
Robbery003_x264_11,Robbery,1
Robbery003_x264_12,Robbery,1
Robbery003_x264_13,Robbery,1
Robbery003_x264_14,Robbery,1
Robbery003_x264_15,Robbery,1
Robbery003_x264_16,Robbery,1
Robbery003_x264_17,Robbery,1
Robbery003_x264_18,Robbery,1
Robbery003_x264_19,Robbery,0
Robbery003_x264_20,Robbery,0
Robbery003_x264_21,Robbery,0
Robbery003_x264_22,Robbery,0
Robbery003_x264_23,Robbery,0
Robbery003_x264_24,Robbery,0
Robbery003_x264_25,Robbery,0
Robbery003_x264_26,Robbery,0
Robbery003_x264_27,Robbery,0
Robbery003_x264_28,Robbery,0
Robbery003_x264_29,Robbery,0
Robbery003_x264_30,Robbery,0
Robbery003_x264_31,Robbery,0
Robbery004_x264_0,Robbery,0
Robbery004_x264_1,Robbery,0
Robbery004_x264_2,Robbery,0
Robbery004_x264_3,Robbery,0
Robbery004_x264_4,Robbery,0
Robbery004_x264_5,Robbery,0
Robbery004_x264_6,Robbery,0
Robbery004_x264_7,Robbery,1
Robbery004_x264_8,Robbery,1
Robbery004_x264_9,Robbery,1
Robbery004_x264_10,Robbery,1
Robbery004_x264_11,Robbery,1
Robbery004_x264_12,Robbery,1
Robbery004_x264_13,Robbery,1
Robbery004_x264_14,Robbery,1
Robbery004_x264_15,Robbery,1
Robbery004_x264_16,Robbery,1
Robbery004_x264_17,Robbery,1
Robbery004_x264_18,Robbery,1
Robbery004_x264_19,Robbery,1
Robbery004_x264_20,Robbery,1
Robbery004_x264_21,Robbery,1
Robbery004_x264_22,Robbery,1
Robbery004_x264_23,Robbery,1
Robbery004_x264_24,Robbery,1
Robbery004_x264_25,Robbery,1
Robbery004_x264_26,Robbery,1
Robbery004_x264_27,Robbery,1
Robbery004_x264_28,Robbery,1
Robbery004_x264_29,Robbery,1
Robbery004_x264_30,Robbery,1
Robbery004_x264_31,Robbery,1
Robbery006_x264_0,Robbery,0
Robbery006_x264_1,Robbery,0
Robbery006_x264_2,Robbery,0
Robbery006_x264_3,Robbery,1
Robbery006_x264_4,Robbery,1
Robbery006_x264_5,Robbery,1
Robbery006_x264_6,Robbery,1
Robbery006_x264_7,Robbery,1
Robbery006_x264_8,Robbery,1
Robbery006_x264_9,Robbery,1
Robbery006_x264_10,Robbery,1
Robbery006_x264_11,Robbery,1
Robbery006_x264_12,Robbery,1
Robbery006_x264_13,Robbery,1
Robbery006_x264_14,Robbery,1
Robbery006_x264_15,Robbery,1
Robbery006_x264_16,Robbery,1
Robbery006_x264_17,Robbery,1
Robbery006_x264_18,Robbery,1
Robbery006_x264_19,Robbery,1
Robbery006_x264_20,Robbery,1
Robbery006_x264_21,Robbery,1
Robbery006_x264_22,Robbery,1
Robbery006_x264_23,Robbery,1
Robbery006_x264_24,Robbery,1
Robbery006_x264_25,Robbery,1
Robbery006_x264_26,Robbery,1
Robbery006_x264_27,Robbery,1
Robbery006_x264_28,Robbery,1
Robbery006_x264_29,Robbery,1
Robbery006_x264_30,Robbery,0
Robbery006_x264_31,Robbery,0
Robbery007_x264_0,Robbery,0
Robbery007_x264_1,Robbery,0
Robbery007_x264_2,Robbery,0
Robbery007_x264_3,Robbery,0
Robbery007_x264_4,Robbery,0
Robbery007_x264_5,Robbery,1
Robbery007_x264_6,Robbery,1
Robbery007_x264_7,Robbery,1
Robbery007_x264_8,Robbery,1
Robbery007_x264_9,Robbery,1
Robbery007_x264_10,Robbery,1
Robbery007_x264_11,Robbery,1
Robbery007_x264_12,Robbery,1
Robbery007_x264_13,Robbery,1
Robbery007_x264_14,Robbery,1
Robbery007_x264_15,Robbery,1
Robbery007_x264_16,Robbery,1
Robbery007_x264_17,Robbery,1
Robbery007_x264_18,Robbery,1
Robbery007_x264_19,Robbery,1
Robbery007_x264_20,Robbery,1
Robbery007_x264_21,Robbery,1
Robbery007_x264_22,Robbery,1
Robbery007_x264_23,Robbery,1
Robbery007_x264_24,Robbery,1
Robbery007_x264_25,Robbery,1
Robbery007_x264_26,Robbery,1
Robbery007_x264_27,Robbery,1
Robbery007_x264_28,Robbery,1
Robbery007_x264_29,Robbery,1
Robbery007_x264_30,Robbery,1
Robbery007_x264_31,Robbery,0
Robbery008_x264_0,Robbery,0
Robbery008_x264_1,Robbery,0
Robbery008_x264_2,Robbery,0
Robbery008_x264_3,Robbery,0
Robbery008_x264_4,Robbery,0
Robbery008_x264_5,Robbery,0
Robbery008_x264_6,Robbery,0
Robbery008_x264_7,Robbery,0
Robbery008_x264_8,Robbery,0
Robbery008_x264_9,Robbery,0
Robbery008_x264_10,Robbery,1
Robbery008_x264_11,Robbery,1
Robbery008_x264_12,Robbery,1
Robbery008_x264_13,Robbery,1
Robbery008_x264_14,Robbery,1
Robbery008_x264_15,Robbery,1
Robbery008_x264_16,Robbery,1
Robbery008_x264_17,Robbery,1
Robbery008_x264_18,Robbery,0
Robbery008_x264_19,Robbery,0
Robbery008_x264_20,Robbery,1
Robbery008_x264_21,Robbery,1
Robbery008_x264_22,Robbery,1
Robbery008_x264_23,Robbery,0
Robbery008_x264_24,Robbery,0
Robbery008_x264_25,Robbery,0
Robbery008_x264_26,Robbery,1
Robbery008_x264_27,Robbery,1
Robbery008_x264_28,Robbery,1
Robbery008_x264_29,Robbery,1
Robbery008_x264_30,Robbery,1
Robbery008_x264_31,Robbery,1
Robbery009_x264_0,Robbery,0
Robbery009_x264_1,Robbery,0
Robbery009_x264_2,Robbery,0
Robbery009_x264_3,Robbery,0
Robbery009_x264_4,Robbery,0
Robbery009_x264_5,Robbery,0
Robbery009_x264_6,Robbery,0
Robbery009_x264_7,Robbery,0
Robbery009_x264_8,Robbery,0
Robbery009_x264_9,Robbery,0
Robbery009_x264_10,Robbery,0
Robbery009_x264_11,Robbery,1
Robbery009_x264_12,Robbery,1
Robbery009_x264_13,Robbery,1
Robbery009_x264_14,Robbery,1
Robbery009_x264_15,Robbery,1
Robbery009_x264_16,Robbery,1
Robbery009_x264_17,Robbery,1
Robbery009_x264_18,Robbery,1
Robbery009_x264_19,Robbery,1
Robbery009_x264_20,Robbery,1
Robbery009_x264_21,Robbery,1
Robbery009_x264_22,Robbery,1
Robbery009_x264_23,Robbery,1
Robbery009_x264_24,Robbery,1
Robbery009_x264_25,Robbery,1
Robbery009_x264_26,Robbery,1
Robbery009_x264_27,Robbery,1
Robbery009_x264_28,Robbery,1
Robbery009_x264_29,Robbery,1
Robbery009_x264_30,Robbery,1
Robbery009_x264_31,Robbery,1
Robbery010_x264_0,Robbery,0
Robbery010_x264_1,Robbery,0
Robbery010_x264_2,Robbery,0
Robbery010_x264_3,Robbery,0
Robbery010_x264_4,Robbery,0
Robbery010_x264_5,Robbery,0
Robbery010_x264_6,Robbery,0
Robbery010_x264_7,Robbery,0
Robbery010_x264_8,Robbery,0
Robbery010_x264_9,Robbery,0
Robbery010_x264_10,Robbery,0
Robbery010_x264_11,Robbery,1
Robbery010_x264_12,Robbery,1
Robbery010_x264_13,Robbery,1
Robbery010_x264_14,Robbery,1
Robbery010_x264_15,Robbery,1
Robbery010_x264_16,Robbery,1
Robbery010_x264_17,Robbery,1
Robbery010_x264_18,Robbery,1
Robbery010_x264_19,Robbery,1
Robbery010_x264_20,Robbery,1
Robbery010_x264_21,Robbery,1
Robbery010_x264_22,Robbery,1
Robbery010_x264_23,Robbery,1
Robbery010_x264_24,Robbery,1
Robbery010_x264_25,Robbery,1
Robbery010_x264_26,Robbery,1
Robbery010_x264_27,Robbery,1
Robbery010_x264_28,Robbery,0
Robbery010_x264_29,Robbery,0
Robbery010_x264_30,Robbery,0
Robbery010_x264_31,Robbery,0
Robbery013_x264_0,Robbery,1
Robbery013_x264_1,Robbery,1
Robbery013_x264_2,Robbery,0
Robbery013_x264_3,Robbery,0
Robbery013_x264_4,Robbery,1
Robbery013_x264_5,Robbery,1
Robbery013_x264_6,Robbery,1
Robbery013_x264_7,Robbery,1
Robbery013_x264_8,Robbery,1
Robbery013_x264_9,Robbery,1
Robbery013_x264_10,Robbery,1
Robbery013_x264_11,Robbery,1
Robbery013_x264_12,Robbery,1
Robbery013_x264_13,Robbery,1
Robbery013_x264_14,Robbery,1
Robbery013_x264_15,Robbery,1
Robbery013_x264_16,Robbery,1
Robbery013_x264_17,Robbery,1
Robbery013_x264_18,Robbery,1
Robbery013_x264_19,Robbery,1
Robbery013_x264_20,Robbery,1
Robbery013_x264_21,Robbery,1
Robbery013_x264_22,Robbery,1
Robbery013_x264_23,Robbery,1
Robbery013_x264_24,Robbery,1
Robbery013_x264_25,Robbery,0
Robbery013_x264_26,Robbery,1
Robbery013_x264_27,Robbery,1
Robbery013_x264_28,Robbery,1
Robbery013_x264_29,Robbery,1
Robbery013_x264_30,Robbery,1
Robbery013_x264_31,Robbery,1
Robbery015_x264_0,Robbery,0
Robbery015_x264_1,Robbery,1
Robbery015_x264_2,Robbery,1
Robbery015_x264_3,Robbery,1
Robbery015_x264_4,Robbery,1
Robbery015_x264_5,Robbery,1
Robbery015_x264_6,Robbery,1
Robbery015_x264_7,Robbery,1
Robbery015_x264_8,Robbery,1
Robbery015_x264_9,Robbery,1
Robbery015_x264_10,Robbery,1
Robbery015_x264_11,Robbery,1
Robbery015_x264_12,Robbery,1
Robbery015_x264_13,Robbery,1
Robbery015_x264_14,Robbery,1
Robbery015_x264_15,Robbery,1
Robbery015_x264_16,Robbery,1
Robbery015_x264_17,Robbery,1
Robbery015_x264_18,Robbery,1
Robbery015_x264_19,Robbery,1
Robbery015_x264_20,Robbery,1
Robbery015_x264_21,Robbery,1
Robbery015_x264_22,Robbery,0
Robbery015_x264_23,Robbery,1
Robbery015_x264_24,Robbery,1
Robbery015_x264_25,Robbery,1
Robbery015_x264_26,Robbery,1
Robbery015_x264_27,Robbery,1
Robbery015_x264_28,Robbery,1
Robbery015_x264_29,Robbery,1
Robbery015_x264_30,Robbery,1
Robbery015_x264_31,Robbery,1
Robbery016_x264_0,Robbery,0
Robbery016_x264_1,Robbery,0
Robbery016_x264_2,Robbery,0
Robbery016_x264_3,Robbery,0
Robbery016_x264_4,Robbery,0
Robbery016_x264_5,Robbery,0
Robbery016_x264_6,Robbery,0
Robbery016_x264_7,Robbery,0
Robbery016_x264_8,Robbery,0
Robbery016_x264_9,Robbery,0
Robbery016_x264_10,Robbery,0
Robbery016_x264_11,Robbery,0
Robbery016_x264_12,Robbery,0
Robbery016_x264_13,Robbery,0
Robbery016_x264_14,Robbery,0
Robbery016_x264_15,Robbery,0
Robbery016_x264_16,Robbery,0
Robbery016_x264_17,Robbery,0
Robbery016_x264_18,Robbery,0
Robbery016_x264_19,Robbery,0
Robbery016_x264_20,Robbery,0
Robbery016_x264_21,Robbery,0
Robbery016_x264_22,Robbery,0
Robbery016_x264_23,Robbery,0
Robbery016_x264_24,Robbery,0
Robbery016_x264_25,Robbery,0
Robbery016_x264_26,Robbery,0
Robbery016_x264_27,Robbery,1
Robbery016_x264_28,Robbery,1
Robbery016_x264_29,Robbery,1
Robbery016_x264_30,Robbery,1
Robbery016_x264_31,Robbery,1
Robbery017_x264_0,Robbery,0
Robbery017_x264_1,Robbery,0
Robbery017_x264_2,Robbery,0
Robbery017_x264_3,Robbery,0
Robbery017_x264_4,Robbery,0
Robbery017_x264_5,Robbery,0
Robbery017_x264_6,Robbery,0
Robbery017_x264_7,Robbery,0
Robbery017_x264_8,Robbery,0
Robbery017_x264_9,Robbery,0
Robbery017_x264_10,Robbery,1
Robbery017_x264_11,Robbery,1
Robbery017_x264_12,Robbery,1
Robbery017_x264_13,Robbery,1
Robbery017_x264_14,Robbery,1
Robbery017_x264_15,Robbery,1
Robbery017_x264_16,Robbery,1
Robbery017_x264_17,Robbery,1
Robbery017_x264_18,Robbery,1
Robbery017_x264_19,Robbery,1
Robbery017_x264_20,Robbery,1
Robbery017_x264_21,Robbery,1
Robbery017_x264_22,Robbery,0
Robbery017_x264_23,Robbery,0
Robbery017_x264_24,Robbery,0
Robbery017_x264_25,Robbery,0
Robbery017_x264_26,Robbery,0
Robbery017_x264_27,Robbery,0
Robbery017_x264_28,Robbery,0
Robbery017_x264_29,Robbery,0
Robbery017_x264_30,Robbery,0
Robbery018_x264_0,Robbery,0
Robbery018_x264_1,Robbery,0
Robbery018_x264_2,Robbery,0
Robbery018_x264_3,Robbery,1
Robbery018_x264_4,Robbery,1
Robbery018_x264_5,Robbery,1
Robbery018_x264_6,Robbery,1
Robbery018_x264_7,Robbery,1
Robbery018_x264_8,Robbery,1
Robbery018_x264_9,Robbery,1
Robbery018_x264_10,Robbery,1
Robbery018_x264_11,Robbery,1
Robbery018_x264_12,Robbery,1
Robbery018_x264_13,Robbery,1
Robbery018_x264_14,Robbery,1
Robbery018_x264_15,Robbery,1
Robbery018_x264_16,Robbery,1
Robbery018_x264_17,Robbery,1
Robbery018_x264_18,Robbery,1
Robbery018_x264_19,Robbery,1
Robbery018_x264_20,Robbery,1
Robbery018_x264_21,Robbery,1
Robbery018_x264_22,Robbery,1
Robbery018_x264_23,Robbery,1
Robbery018_x264_24,Robbery,1
Robbery018_x264_25,Robbery,1
Robbery018_x264_26,Robbery,1
Robbery018_x264_27,Robbery,1
Robbery018_x264_28,Robbery,1
Robbery018_x264_29,Robbery,1
Robbery018_x264_30,Robbery,1
Robbery018_x264_31,Robbery,1
Robbery019_x264_0,Robbery,0
Robbery019_x264_1,Robbery,1
Robbery019_x264_2,Robbery,1
Robbery019_x264_3,Robbery,1
Robbery019_x264_4,Robbery,1
Robbery019_x264_5,Robbery,1
Robbery019_x264_6,Robbery,1
Robbery019_x264_7,Robbery,1
Robbery019_x264_8,Robbery,1
Robbery019_x264_9,Robbery,1
Robbery019_x264_10,Robbery,1
Robbery019_x264_11,Robbery,1
Robbery019_x264_12,Robbery,1
Robbery019_x264_13,Robbery,1
Robbery019_x264_14,Robbery,1
Robbery019_x264_15,Robbery,1
Robbery019_x264_16,Robbery,1
Robbery019_x264_17,Robbery,1
Robbery019_x264_18,Robbery,1
Robbery019_x264_19,Robbery,1
Robbery019_x264_20,Robbery,1
Robbery019_x264_21,Robbery,1
Robbery019_x264_22,Robbery,1
Robbery019_x264_23,Robbery,1
Robbery019_x264_24,Robbery,1
Robbery019_x264_25,Robbery,1
Robbery019_x264_26,Robbery,1
Robbery019_x264_27,Robbery,1
Robbery019_x264_28,Robbery,1
Robbery019_x264_29,Robbery,1
Robbery019_x264_30,Robbery,1
Robbery019_x264_31,Robbery,1
Robbery020_x264_0,Robbery,0
Robbery020_x264_1,Robbery,0
Robbery020_x264_2,Robbery,0
Robbery020_x264_3,Robbery,0
Robbery020_x264_4,Robbery,0
Robbery020_x264_5,Robbery,0
Robbery020_x264_6,Robbery,0
Robbery020_x264_7,Robbery,0
Robbery020_x264_8,Robbery,0
Robbery020_x264_9,Robbery,0
Robbery020_x264_10,Robbery,1
Robbery020_x264_11,Robbery,1
Robbery020_x264_12,Robbery,1
Robbery020_x264_13,Robbery,1
Robbery020_x264_14,Robbery,1
Robbery020_x264_15,Robbery,1
Robbery020_x264_16,Robbery,1
Robbery020_x264_17,Robbery,1
Robbery020_x264_18,Robbery,1
Robbery020_x264_19,Robbery,1
Robbery020_x264_20,Robbery,1
Robbery020_x264_21,Robbery,1
Robbery020_x264_22,Robbery,0
Robbery020_x264_23,Robbery,0
Robbery020_x264_24,Robbery,0
Robbery020_x264_25,Robbery,0
Robbery020_x264_26,Robbery,0
Robbery020_x264_27,Robbery,0
Robbery020_x264_28,Robbery,0
Robbery020_x264_29,Robbery,0
Robbery020_x264_30,Robbery,0
Robbery020_x264_31,Robbery,0
Robbery022_x264_0,Robbery,0
Robbery022_x264_1,Robbery,0
Robbery022_x264_2,Robbery,0
Robbery022_x264_3,Robbery,1
Robbery022_x264_4,Robbery,1
Robbery022_x264_5,Robbery,1
Robbery022_x264_6,Robbery,1
Robbery022_x264_7,Robbery,1
Robbery022_x264_8,Robbery,1
Robbery022_x264_9,Robbery,1
Robbery022_x264_10,Robbery,1
Robbery022_x264_11,Robbery,1
Robbery022_x264_12,Robbery,1
Robbery022_x264_13,Robbery,1
Robbery022_x264_14,Robbery,1
Robbery022_x264_15,Robbery,1
Robbery022_x264_16,Robbery,1
Robbery022_x264_17,Robbery,1
Robbery022_x264_18,Robbery,1
Robbery022_x264_19,Robbery,1
Robbery022_x264_20,Robbery,1
Robbery022_x264_21,Robbery,1
Robbery022_x264_22,Robbery,1
Robbery022_x264_23,Robbery,1
Robbery022_x264_24,Robbery,1
Robbery022_x264_25,Robbery,1
Robbery022_x264_26,Robbery,1
Robbery022_x264_27,Robbery,1
Robbery022_x264_28,Robbery,1
Robbery022_x264_29,Robbery,1
Robbery022_x264_30,Robbery,1
Robbery022_x264_31,Robbery,1
Robbery023_x264_0,Robbery,0
Robbery023_x264_1,Robbery,0
Robbery023_x264_2,Robbery,1
Robbery023_x264_3,Robbery,1
Robbery023_x264_4,Robbery,1
Robbery023_x264_5,Robbery,1
Robbery023_x264_6,Robbery,1
Robbery023_x264_7,Robbery,1
Robbery023_x264_8,Robbery,1
Robbery023_x264_9,Robbery,1
Robbery023_x264_10,Robbery,1
Robbery023_x264_11,Robbery,1
Robbery023_x264_12,Robbery,1
Robbery023_x264_13,Robbery,1
Robbery023_x264_14,Robbery,1
Robbery023_x264_15,Robbery,1
Robbery023_x264_16,Robbery,1
Robbery023_x264_17,Robbery,1
Robbery023_x264_18,Robbery,1
Robbery023_x264_19,Robbery,1
Robbery023_x264_20,Robbery,1
Robbery023_x264_21,Robbery,1
Robbery023_x264_22,Robbery,1
Robbery023_x264_23,Robbery,1
Robbery023_x264_24,Robbery,1
Robbery023_x264_25,Robbery,1
Robbery023_x264_26,Robbery,1
Robbery023_x264_27,Robbery,1
Robbery023_x264_28,Robbery,1
Robbery023_x264_29,Robbery,1
Robbery023_x264_30,Robbery,0
Robbery023_x264_31,Robbery,0
Robbery024_x264_0,Robbery,1
Robbery024_x264_1,Robbery,1
Robbery024_x264_2,Robbery,1
Robbery024_x264_3,Robbery,1
Robbery024_x264_4,Robbery,1
Robbery024_x264_5,Robbery,1
Robbery024_x264_6,Robbery,1
Robbery024_x264_7,Robbery,1
Robbery024_x264_8,Robbery,1
Robbery024_x264_9,Robbery,1
Robbery024_x264_10,Robbery,1
Robbery024_x264_11,Robbery,1
Robbery024_x264_12,Robbery,1
Robbery024_x264_13,Robbery,1
Robbery024_x264_14,Robbery,1
Robbery024_x264_15,Robbery,1
Robbery024_x264_16,Robbery,1
Robbery024_x264_17,Robbery,1
Robbery024_x264_18,Robbery,1
Robbery024_x264_19,Robbery,1
Robbery024_x264_20,Robbery,1
Robbery024_x264_21,Robbery,1
Robbery024_x264_22,Robbery,1
Robbery024_x264_23,Robbery,1
Robbery024_x264_24,Robbery,1
Robbery024_x264_25,Robbery,1
Robbery024_x264_26,Robbery,1
Robbery024_x264_27,Robbery,1
Robbery024_x264_28,Robbery,1
Robbery024_x264_29,Robbery,1
Robbery024_x264_30,Robbery,1
Robbery024_x264_31,Robbery,1
Robbery025_x264_0,Robbery,0
Robbery025_x264_1,Robbery,0
Robbery025_x264_2,Robbery,0
Robbery025_x264_3,Robbery,1
Robbery025_x264_4,Robbery,1
Robbery025_x264_5,Robbery,1
Robbery025_x264_6,Robbery,1
Robbery025_x264_7,Robbery,1
Robbery025_x264_8,Robbery,1
Robbery025_x264_9,Robbery,1
Robbery025_x264_10,Robbery,1
Robbery025_x264_11,Robbery,1
Robbery025_x264_12,Robbery,1
Robbery025_x264_13,Robbery,1
Robbery025_x264_14,Robbery,1
Robbery025_x264_15,Robbery,1
Robbery025_x264_16,Robbery,1
Robbery025_x264_17,Robbery,1
Robbery025_x264_18,Robbery,1
Robbery025_x264_19,Robbery,1
Robbery025_x264_20,Robbery,1
Robbery025_x264_21,Robbery,1
Robbery025_x264_22,Robbery,1
Robbery025_x264_23,Robbery,1
Robbery025_x264_24,Robbery,1
Robbery025_x264_25,Robbery,0
Robbery025_x264_26,Robbery,0
Robbery025_x264_27,Robbery,0
Robbery025_x264_28,Robbery,0
Robbery025_x264_29,Robbery,0
Robbery025_x264_30,Robbery,0
Robbery025_x264_31,Robbery,0
Robbery028_x264_0,Robbery,0
Robbery028_x264_1,Robbery,0
Robbery028_x264_2,Robbery,1
Robbery028_x264_3,Robbery,1
Robbery028_x264_4,Robbery,1
Robbery028_x264_5,Robbery,1
Robbery028_x264_6,Robbery,0
Robbery028_x264_7,Robbery,0
Robbery028_x264_8,Robbery,0
Robbery028_x264_9,Robbery,0
Robbery028_x264_10,Robbery,0
Robbery028_x264_11,Robbery,0
Robbery028_x264_12,Robbery,0
Robbery028_x264_13,Robbery,0
Robbery028_x264_14,Robbery,0
Robbery028_x264_15,Robbery,0
Robbery028_x264_16,Robbery,0
Robbery028_x264_17,Robbery,0
Robbery028_x264_18,Robbery,0
Robbery028_x264_19,Robbery,1
Robbery028_x264_20,Robbery,1
Robbery028_x264_21,Robbery,1
Robbery028_x264_22,Robbery,1
Robbery028_x264_23,Robbery,0
Robbery028_x264_24,Robbery,0
Robbery028_x264_25,Robbery,0
Robbery028_x264_26,Robbery,0
Robbery028_x264_27,Robbery,0
Robbery028_x264_28,Robbery,0
Robbery028_x264_29,Robbery,0
Robbery028_x264_30,Robbery,0
Robbery028_x264_31,Robbery,0
Robbery029_x264_0,Robbery,0
Robbery029_x264_1,Robbery,0
Robbery029_x264_2,Robbery,0
Robbery029_x264_3,Robbery,0
Robbery029_x264_4,Robbery,0
Robbery029_x264_5,Robbery,0
Robbery029_x264_6,Robbery,0
Robbery029_x264_7,Robbery,0
Robbery029_x264_8,Robbery,0
Robbery029_x264_9,Robbery,0
Robbery029_x264_10,Robbery,0
Robbery029_x264_11,Robbery,0
Robbery029_x264_12,Robbery,0
Robbery029_x264_13,Robbery,0
Robbery029_x264_14,Robbery,1
Robbery029_x264_15,Robbery,1
Robbery029_x264_16,Robbery,1
Robbery029_x264_17,Robbery,1
Robbery029_x264_18,Robbery,1
Robbery029_x264_19,Robbery,1
Robbery029_x264_20,Robbery,1
Robbery029_x264_21,Robbery,1
Robbery029_x264_22,Robbery,1
Robbery029_x264_23,Robbery,1
Robbery029_x264_24,Robbery,1
Robbery029_x264_25,Robbery,1
Robbery029_x264_26,Robbery,1
Robbery029_x264_27,Robbery,1
Robbery029_x264_28,Robbery,0
Robbery029_x264_29,Robbery,0
Robbery029_x264_30,Robbery,0
Robbery029_x264_31,Robbery,0
Robbery030_x264_0,Robbery,0
Robbery030_x264_1,Robbery,0
Robbery030_x264_2,Robbery,0
Robbery030_x264_3,Robbery,0
Robbery030_x264_4,Robbery,1
Robbery030_x264_5,Robbery,1
Robbery030_x264_6,Robbery,1
Robbery030_x264_7,Robbery,1
Robbery030_x264_8,Robbery,1
Robbery030_x264_9,Robbery,1
Robbery030_x264_10,Robbery,1
Robbery030_x264_11,Robbery,1
Robbery030_x264_12,Robbery,1
Robbery030_x264_13,Robbery,1
Robbery030_x264_14,Robbery,1
Robbery030_x264_15,Robbery,1
Robbery030_x264_16,Robbery,1
Robbery030_x264_17,Robbery,1
Robbery030_x264_18,Robbery,1
Robbery030_x264_19,Robbery,1
Robbery030_x264_20,Robbery,1
Robbery030_x264_21,Robbery,1
Robbery030_x264_22,Robbery,1
Robbery030_x264_23,Robbery,1
Robbery030_x264_24,Robbery,1
Robbery030_x264_25,Robbery,1
Robbery030_x264_26,Robbery,1
Robbery030_x264_27,Robbery,1
Robbery030_x264_28,Robbery,1
Robbery030_x264_29,Robbery,1
Robbery030_x264_30,Robbery,0
Robbery030_x264_31,Robbery,0
Robbery031_x264_0,Robbery,0
Robbery031_x264_1,Robbery,0
Robbery031_x264_2,Robbery,0
Robbery031_x264_3,Robbery,0
Robbery031_x264_4,Robbery,0
Robbery031_x264_5,Robbery,0
Robbery031_x264_6,Robbery,0
Robbery031_x264_7,Robbery,0
Robbery031_x264_8,Robbery,0
Robbery031_x264_9,Robbery,0
Robbery031_x264_10,Robbery,0
Robbery031_x264_11,Robbery,0
Robbery031_x264_12,Robbery,1
Robbery031_x264_13,Robbery,1
Robbery031_x264_14,Robbery,1
Robbery031_x264_15,Robbery,1
Robbery031_x264_16,Robbery,1
Robbery031_x264_17,Robbery,1
Robbery031_x264_18,Robbery,1
Robbery031_x264_19,Robbery,1
Robbery031_x264_20,Robbery,1
Robbery031_x264_21,Robbery,1
Robbery031_x264_22,Robbery,1
Robbery031_x264_23,Robbery,1
Robbery031_x264_24,Robbery,1
Robbery031_x264_25,Robbery,1
Robbery031_x264_26,Robbery,1
Robbery031_x264_27,Robbery,1
Robbery031_x264_28,Robbery,0
Robbery031_x264_29,Robbery,0
Robbery031_x264_30,Robbery,0
Robbery031_x264_31,Robbery,0
Robbery035_x264_0,Robbery,0
Robbery035_x264_1,Robbery,0
Robbery035_x264_2,Robbery,0
Robbery035_x264_3,Robbery,0
Robbery035_x264_4,Robbery,0
Robbery035_x264_5,Robbery,0
Robbery035_x264_6,Robbery,0
Robbery035_x264_7,Robbery,0
Robbery035_x264_8,Robbery,0
Robbery035_x264_9,Robbery,0
Robbery035_x264_10,Robbery,0
Robbery035_x264_11,Robbery,0
Robbery035_x264_12,Robbery,0
Robbery035_x264_13,Robbery,0
Robbery035_x264_14,Robbery,0
Robbery035_x264_15,Robbery,0
Robbery035_x264_16,Robbery,0
Robbery035_x264_17,Robbery,0
Robbery035_x264_18,Robbery,0
Robbery035_x264_19,Robbery,0
Robbery035_x264_20,Robbery,0
Robbery035_x264_21,Robbery,0
Robbery035_x264_22,Robbery,0
Robbery035_x264_23,Robbery,0
Robbery035_x264_24,Robbery,0
Robbery035_x264_25,Robbery,1
Robbery035_x264_26,Robbery,1
Robbery035_x264_27,Robbery,1
Robbery035_x264_28,Robbery,1
Robbery035_x264_29,Robbery,1
Robbery035_x264_30,Robbery,1
Robbery035_x264_31,Robbery,1
Robbery036_x264_0,Robbery,0
Robbery036_x264_1,Robbery,0
Robbery036_x264_2,Robbery,0
Robbery036_x264_3,Robbery,1
Robbery036_x264_4,Robbery,1
Robbery036_x264_5,Robbery,1
Robbery036_x264_6,Robbery,0
Robbery036_x264_7,Robbery,0
Robbery036_x264_8,Robbery,0
Robbery036_x264_9,Robbery,0
Robbery036_x264_10,Robbery,0
Robbery036_x264_11,Robbery,0
Robbery036_x264_12,Robbery,0
Robbery036_x264_13,Robbery,0
Robbery036_x264_14,Robbery,0
Robbery036_x264_15,Robbery,0
Robbery036_x264_16,Robbery,0
Robbery036_x264_17,Robbery,0
Robbery036_x264_18,Robbery,0
Robbery036_x264_19,Robbery,0
Robbery036_x264_20,Robbery,0
Robbery036_x264_21,Robbery,0
Robbery036_x264_22,Robbery,0
Robbery036_x264_23,Robbery,0
Robbery036_x264_24,Robbery,0
Robbery036_x264_25,Robbery,0
Robbery036_x264_26,Robbery,0
Robbery036_x264_27,Robbery,0
Robbery036_x264_28,Robbery,0
Robbery036_x264_29,Robbery,0
Robbery036_x264_30,Robbery,0
Robbery036_x264_31,Robbery,0
Robbery038_x264_0,Robbery,0
Robbery038_x264_1,Robbery,0
Robbery038_x264_2,Robbery,0
Robbery038_x264_3,Robbery,0
Robbery038_x264_4,Robbery,0
Robbery038_x264_5,Robbery,0
Robbery038_x264_6,Robbery,0
Robbery038_x264_7,Robbery,0
Robbery038_x264_8,Robbery,0
Robbery038_x264_9,Robbery,0
Robbery038_x264_10,Robbery,0
Robbery038_x264_11,Robbery,0
Robbery038_x264_12,Robbery,0
Robbery038_x264_13,Robbery,0
Robbery038_x264_14,Robbery,1
Robbery038_x264_15,Robbery,1
Robbery038_x264_16,Robbery,1
Robbery038_x264_17,Robbery,1
Robbery038_x264_18,Robbery,1
Robbery038_x264_19,Robbery,1
Robbery038_x264_20,Robbery,1
Robbery038_x264_21,Robbery,1
Robbery038_x264_22,Robbery,1
Robbery038_x264_23,Robbery,1
Robbery038_x264_24,Robbery,1
Robbery038_x264_25,Robbery,1
Robbery038_x264_26,Robbery,1
Robbery038_x264_27,Robbery,1
Robbery038_x264_28,Robbery,1
Robbery038_x264_29,Robbery,1
Robbery038_x264_30,Robbery,1
Robbery038_x264_31,Robbery,1
Robbery038_x264_31,Robbery,1
Robbery040_x264_0,Robbery,0
Robbery040_x264_1,Robbery,0
Robbery040_x264_2,Robbery,0
Robbery040_x264_3,Robbery,0
Robbery040_x264_4,Robbery,0
Robbery040_x264_5,Robbery,0
Robbery040_x264_6,Robbery,0
Robbery040_x264_7,Robbery,0
Robbery040_x264_8,Robbery,0
Robbery040_x264_9,Robbery,0
Robbery040_x264_10,Robbery,0
Robbery040_x264_11,Robbery,0
Robbery040_x264_12,Robbery,0
Robbery040_x264_13,Robbery,0
Robbery040_x264_14,Robbery,0
Robbery040_x264_15,Robbery,0
Robbery040_x264_16,Robbery,0
Robbery040_x264_17,Robbery,0
Robbery040_x264_18,Robbery,0
Robbery040_x264_19,Robbery,0
Robbery040_x264_20,Robbery,0
Robbery040_x264_21,Robbery,0
Robbery040_x264_22,Robbery,0
Robbery040_x264_23,Robbery,1
Robbery040_x264_24,Robbery,1
Robbery040_x264_25,Robbery,1
Robbery040_x264_26,Robbery,1
Robbery040_x264_27,Robbery,1
Robbery040_x264_28,Robbery,1
Robbery040_x264_29,Robbery,1
Robbery040_x264_30,Robbery,0
Robbery040_x264_31,Robbery,0
Robbery041_x264_0,Robbery,0
Robbery041_x264_1,Robbery,1
Robbery041_x264_2,Robbery,1
Robbery041_x264_3,Robbery,1
Robbery041_x264_4,Robbery,1
Robbery041_x264_5,Robbery,1
Robbery041_x264_6,Robbery,1
Robbery041_x264_7,Robbery,1
Robbery041_x264_8,Robbery,1
Robbery041_x264_9,Robbery,1
Robbery041_x264_10,Robbery,1
Robbery041_x264_11,Robbery,1
Robbery041_x264_12,Robbery,1
Robbery041_x264_13,Robbery,1
Robbery041_x264_14,Robbery,1
Robbery041_x264_15,Robbery,1
Robbery041_x264_16,Robbery,1
Robbery041_x264_17,Robbery,1
Robbery041_x264_18,Robbery,1
Robbery041_x264_19,Robbery,1
Robbery041_x264_20,Robbery,1
Robbery041_x264_21,Robbery,1
Robbery041_x264_22,Robbery,1
Robbery041_x264_23,Robbery,1
Robbery041_x264_24,Robbery,1
Robbery041_x264_25,Robbery,1
Robbery041_x264_26,Robbery,1
Robbery041_x264_27,Robbery,1
Robbery041_x264_28,Robbery,1
Robbery041_x264_29,Robbery,1
Robbery041_x264_30,Robbery,1
Robbery041_x264_31,Robbery,1
Robbery042_x264_0,Robbery,0
Robbery042_x264_1,Robbery,0
Robbery042_x264_2,Robbery,0
Robbery042_x264_3,Robbery,0
Robbery042_x264_4,Robbery,0
Robbery042_x264_5,Robbery,0
Robbery042_x264_6,Robbery,0
Robbery042_x264_7,Robbery,0
Robbery042_x264_8,Robbery,0
Robbery042_x264_9,Robbery,0
Robbery042_x264_10,Robbery,0
Robbery042_x264_11,Robbery,0
Robbery042_x264_12,Robbery,0
Robbery042_x264_13,Robbery,0
Robbery042_x264_14,Robbery,0
Robbery042_x264_15,Robbery,0
Robbery042_x264_16,Robbery,0
Robbery042_x264_17,Robbery,0
Robbery042_x264_18,Robbery,0
Robbery042_x264_19,Robbery,0
Robbery042_x264_20,Robbery,0
Robbery042_x264_21,Robbery,0
Robbery042_x264_22,Robbery,0
Robbery042_x264_23,Robbery,0
Robbery042_x264_24,Robbery,0
Robbery042_x264_25,Robbery,0
Robbery042_x264_26,Robbery,0
Robbery042_x264_27,Robbery,0
Robbery042_x264_28,Robbery,0
Robbery042_x264_29,Robbery,0
Robbery042_x264_30,Robbery,0
Robbery042_x264_31,Robbery,0
Robbery043_x264_0,Robbery,0
Robbery043_x264_1,Robbery,1
Robbery043_x264_2,Robbery,1
Robbery043_x264_3,Robbery,1
Robbery043_x264_4,Robbery,1
Robbery043_x264_5,Robbery,1
Robbery043_x264_6,Robbery,1
Robbery043_x264_7,Robbery,1
Robbery043_x264_8,Robbery,1
Robbery043_x264_9,Robbery,1
Robbery043_x264_10,Robbery,1
Robbery043_x264_11,Robbery,1
Robbery043_x264_12,Robbery,1
Robbery043_x264_13,Robbery,1
Robbery043_x264_14,Robbery,1
Robbery043_x264_15,Robbery,1
Robbery043_x264_16,Robbery,1
Robbery043_x264_17,Robbery,1
Robbery043_x264_18,Robbery,1
Robbery043_x264_19,Robbery,1
Robbery043_x264_20,Robbery,1
Robbery043_x264_21,Robbery,1
Robbery043_x264_22,Robbery,1
Robbery043_x264_23,Robbery,1
Robbery043_x264_24,Robbery,1
Robbery043_x264_25,Robbery,1
Robbery043_x264_26,Robbery,1
Robbery043_x264_27,Robbery,1
Robbery043_x264_28,Robbery,1
Robbery043_x264_29,Robbery,1
Robbery043_x264_30,Robbery,1
Robbery043_x264_31,Robbery,1
Robbery045_x264_0,Robbery,0
Robbery045_x264_1,Robbery,0
Robbery045_x264_2,Robbery,0
Robbery045_x264_3,Robbery,0
Robbery045_x264_4,Robbery,0
Robbery045_x264_5,Robbery,0
Robbery045_x264_6,Robbery,0
Robbery045_x264_7,Robbery,0
Robbery045_x264_8,Robbery,0
Robbery045_x264_9,Robbery,0
Robbery045_x264_10,Robbery,0
Robbery045_x264_11,Robbery,1
Robbery045_x264_12,Robbery,1
Robbery045_x264_13,Robbery,1
Robbery045_x264_14,Robbery,1
Robbery045_x264_15,Robbery,1
Robbery045_x264_16,Robbery,1
Robbery045_x264_17,Robbery,1
Robbery045_x264_18,Robbery,1
Robbery045_x264_19,Robbery,1
Robbery045_x264_20,Robbery,1
Robbery045_x264_21,Robbery,1
Robbery045_x264_22,Robbery,1
Robbery045_x264_23,Robbery,0
Robbery045_x264_24,Robbery,0
Robbery045_x264_25,Robbery,0
Robbery045_x264_26,Robbery,0
Robbery045_x264_27,Robbery,0
Robbery045_x264_28,Robbery,0
Robbery045_x264_29,Robbery,0
Robbery045_x264_30,Robbery,0
Robbery045_x264_31,Robbery,0
Robbery047_x264_0,Robbery,0
Robbery047_x264_1,Robbery,0
Robbery047_x264_2,Robbery,0
Robbery047_x264_3,Robbery,1
Robbery047_x264_4,Robbery,1
Robbery047_x264_5,Robbery,1
Robbery047_x264_6,Robbery,1
Robbery047_x264_7,Robbery,1
Robbery047_x264_8,Robbery,1
Robbery047_x264_9,Robbery,1
Robbery047_x264_10,Robbery,1
Robbery047_x264_11,Robbery,1
Robbery047_x264_12,Robbery,1
Robbery047_x264_13,Robbery,1
Robbery047_x264_14,Robbery,1
Robbery047_x264_15,Robbery,1
Robbery047_x264_16,Robbery,1
Robbery047_x264_17,Robbery,1
Robbery047_x264_18,Robbery,1
Robbery047_x264_19,Robbery,1
Robbery047_x264_20,Robbery,1
Robbery047_x264_21,Robbery,1
Robbery047_x264_22,Robbery,1
Robbery047_x264_23,Robbery,1
Robbery047_x264_24,Robbery,1
Robbery047_x264_25,Robbery,1
Robbery047_x264_26,Robbery,1
Robbery047_x264_27,Robbery,1
Robbery046_x264_28,Robbery,1
Robbery047_x264_29,Robbery,1
Robbery047_x264_30,Robbery,1
Robbery047_x264_31,Robbery,1
Robbery048_x264_0,Robbery,0
Robbery048_x264_1,Robbery,0
Robbery048_x264_2,Robbery,0
Robbery048_x264_3,Robbery,0
Robbery048_x264_4,Robbery,0
Robbery048_x264_5,Robbery,0
Robbery048_x264_6,Robbery,0
Robbery048_x264_7,Robbery,0
Robbery048_x264_8,Robbery,0
Robbery048_x264_9,Robbery,0
Robbery048_x264_10,Robbery,0
Robbery048_x264_11,Robbery,0
Robbery048_x264_12,Robbery,0
Robbery048_x264_13,Robbery,0
Robbery048_x264_14,Robbery,0
Robbery048_x264_15,Robbery,1
Robbery048_x264_16,Robbery,1
Robbery048_x264_17,Robbery,1
Robbery048_x264_18,Robbery,1
Robbery048_x264_19,Robbery,1
Robbery048_x264_20,Robbery,1
Robbery048_x264_21,Robbery,1
Robbery048_x264_22,Robbery,1
Robbery048_x264_23,Robbery,1
Robbery048_x264_24,Robbery,1
Robbery048_x264_25,Robbery,1
Robbery048_x264_26,Robbery,1
Robbery048_x264_27,Robbery,1
Robbery048_x264_28,Robbery,1
Robbery048_x264_29,Robbery,0
Robbery048_x264_30,Robbery,0
Robbery048_x264_31,Robbery,0
Robbery049_x264_0,Robbery,0
Robbery049_x264_1,Robbery,0
Robbery049_x264_2,Robbery,0
Robbery049_x264_3,Robbery,0
Robbery049_x264_4,Robbery,0
Robbery049_x264_5,Robbery,0
Robbery049_x264_6,Robbery,0
Robbery049_x264_7,Robbery,0
Robbery049_x264_8,Robbery,0
Robbery049_x264_9,Robbery,0
Robbery049_x264_10,Robbery,0
Robbery049_x264_11,Robbery,1
Robbery049_x264_12,Robbery,1
Robbery049_x264_13,Robbery,1
Robbery049_x264_14,Robbery,1
Robbery049_x264_15,Robbery,1
Robbery049_x264_16,Robbery,1
Robbery049_x264_17,Robbery,1
Robbery049_x264_18,Robbery,1
Robbery049_x264_19,Robbery,1
Robbery049_x264_20,Robbery,1
Robbery049_x264_21,Robbery,1
Robbery049_x264_22,Robbery,1
Robbery049_x264_23,Robbery,1
Robbery049_x264_24,Robbery,1
Robbery049_x264_25,Robbery,1
Robbery049_x264_26,Robbery,1
Robbery049_x264_27,Robbery,1
Robbery049_x264_28,Robbery,1
Robbery049_x264_29,Robbery,1
Robbery049_x264_30,Robbery,1
Robbery049_x264_31,Robbery,1
Robbery050_x264_0,Robbery,0
Robbery050_x264_1,Robbery,0
Robbery050_x264_2,Robbery,0
Robbery050_x264_3,Robbery,0
Robbery050_x264_4,Robbery,0
Robbery050_x264_5,Robbery,0
Robbery050_x264_6,Robbery,0
Robbery050_x264_7,Robbery,0
Robbery050_x264_8,Robbery,0
Robbery050_x264_9,Robbery,0
Robbery050_x264_10,Robbery,0
Robbery050_x264_11,Robbery,0
Robbery050_x264_12,Robbery,0
Robbery050_x264_13,Robbery,0
Robbery050_x264_14,Robbery,0
Robbery050_x264_15,Robbery,1
Robbery050_x264_16,Robbery,1
Robbery050_x264_17,Robbery,1
Robbery050_x264_18,Robbery,1
Robbery050_x264_19,Robbery,1
Robbery050_x264_20,Robbery,1
Robbery050_x264_21,Robbery,1
Robbery050_x264_22,Robbery,1
Robbery050_x264_23,Robbery,1
Robbery050_x264_24,Robbery,1
Robbery050_x264_25,Robbery,1
Robbery050_x264_26,Robbery,1
Robbery050_x264_27,Robbery,1
Robbery050_x264_28,Robbery,1
Robbery050_x264_29,Robbery,1
Robbery050_x264_30,Robbery,1
Robbery050_x264_31,Robbery,1
Robbery051_x264_0,Robbery,0
Robbery051_x264_1,Robbery,0
Robbery051_x264_2,Robbery,0
Robbery051_x264_3,Robbery,0
Robbery051_x264_4,Robbery,0
Robbery051_x264_5,Robbery,0
Robbery051_x264_6,Robbery,1
Robbery051_x264_7,Robbery,1
Robbery051_x264_8,Robbery,1
Robbery051_x264_9,Robbery,1
Robbery051_x264_10,Robbery,1
Robbery051_x264_11,Robbery,1
Robbery051_x264_12,Robbery,1
Robbery051_x264_13,Robbery,1
Robbery051_x264_14,Robbery,1
Robbery051_x264_15,Robbery,1
Robbery051_x264_16,Robbery,1
Robbery051_x264_17,Robbery,1
Robbery051_x264_18,Robbery,1
Robbery051_x264_19,Robbery,1
Robbery051_x264_20,Robbery,1
Robbery051_x264_21,Robbery,1
Robbery051_x264_22,Robbery,1
Robbery051_x264_23,Robbery,1
Robbery051_x264_24,Robbery,1
Robbery051_x264_25,Robbery,1
Robbery051_x264_26,Robbery,1
Robbery051_x264_27,Robbery,1
Robbery051_x264_28,Robbery,1
Robbery051_x264_29,Robbery,1
Robbery051_x264_30,Robbery,1
Robbery051_x264_31,Robbery,1
Robbery052_x264_0,Robbery,1
Robbery052_x264_1,Robbery,1
Robbery052_x264_2,Robbery,0
Robbery052_x264_3,Robbery,0
Robbery052_x264_4,Robbery,0
Robbery052_x264_5,Robbery,1
Robbery052_x264_6,Robbery,1
Robbery052_x264_7,Robbery,0
Robbery052_x264_8,Robbery,1
Robbery052_x264_9,Robbery,1
Robbery052_x264_10,Robbery,1
Robbery052_x264_11,Robbery,1
Robbery052_x264_12,Robbery,1
Robbery052_x264_13,Robbery,1
Robbery052_x264_14,Robbery,0
Robbery052_x264_15,Robbery,0
Robbery052_x264_16,Robbery,0
Robbery052_x264_17,Robbery,0
Robbery052_x264_18,Robbery,1
Robbery052_x264_19,Robbery,0
Robbery052_x264_20,Robbery,1
Robbery052_x264_21,Robbery,1
Robbery052_x264_22,Robbery,1
Robbery052_x264_23,Robbery,0
Robbery052_x264_24,Robbery,0
Robbery052_x264_25,Robbery,0
Robbery052_x264_26,Robbery,0
Robbery052_x264_27,Robbery,0
Robbery052_x264_28,Robbery,0
Robbery052_x264_29,Robbery,1
Robbery052_x264_30,Robbery,1
Robbery052_x264_31,Robbery,1
Robbery053_x264_0,Robbery,0
Robbery053_x264_1,Robbery,0
Robbery053_x264_2,Robbery,0
Robbery053_x264_3,Robbery,0
Robbery053_x264_4,Robbery,0
Robbery053_x264_5,Robbery,0
Robbery053_x264_6,Robbery,0
Robbery053_x264_7,Robbery,0
Robbery053_x264_8,Robbery,0
Robbery053_x264_9,Robbery,0
Robbery053_x264_10,Robbery,0
Robbery053_x264_11,Robbery,0
Robbery053_x264_12,Robbery,0
Robbery053_x264_13,Robbery,0
Robbery053_x264_14,Robbery,0
Robbery053_x264_15,Robbery,0
Robbery053_x264_16,Robbery,0
Robbery053_x264_17,Robbery,0
Robbery053_x264_18,Robbery,0
Robbery053_x264_19,Robbery,1
Robbery053_x264_20,Robbery,1
Robbery053_x264_21,Robbery,1
Robbery053_x264_22,Robbery,1
Robbery053_x264_23,Robbery,1
Robbery053_x264_24,Robbery,1
Robbery053_x264_25,Robbery,1
Robbery053_x264_26,Robbery,1
Robbery053_x264_27,Robbery,1
Robbery053_x264_28,Robbery,1
Robbery053_x264_29,Robbery,1
Robbery053_x264_30,Robbery,1
Robbery053_x264_31,Robbery,1
Robbery054_x264_0,Robbery,0
Robbery054_x264_1,Robbery,0
Robbery054_x264_2,Robbery,0
Robbery054_x264_3,Robbery,1
Robbery054_x264_4,Robbery,0
Robbery054_x264_5,Robbery,1
Robbery054_x264_6,Robbery,1
Robbery054_x264_7,Robbery,1
Robbery054_x264_8,Robbery,1
Robbery054_x264_9,Robbery,1
Robbery054_x264_10,Robbery,0
Robbery054_x264_11,Robbery,0
Robbery054_x264_12,Robbery,0
Robbery054_x264_13,Robbery,0
Robbery054_x264_14,Robbery,1
Robbery054_x264_15,Robbery,1
Robbery054_x264_16,Robbery,1
Robbery054_x264_17,Robbery,1
Robbery054_x264_18,Robbery,1
Robbery054_x264_19,Robbery,1
Robbery054_x264_20,Robbery,1
Robbery054_x264_21,Robbery,1
Robbery054_x264_22,Robbery,1
Robbery054_x264_23,Robbery,1
Robbery054_x264_24,Robbery,1
Robbery054_x264_25,Robbery,1
Robbery054_x264_26,Robbery,1
Robbery054_x264_27,Robbery,1
Robbery054_x264_28,Robbery,1
Robbery054_x264_29,Robbery,1
Robbery054_x264_30,Robbery,1
Robbery054_x264_31,Robbery,1
Robbery056_x264_0,Robbery,0
Robbery056_x264_1,Robbery,1
Robbery056_x264_2,Robbery,1
Robbery056_x264_3,Robbery,1
Robbery056_x264_4,Robbery,1
Robbery056_x264_5,Robbery,1
Robbery056_x264_6,Robbery,1
Robbery056_x264_7,Robbery,1
Robbery056_x264_8,Robbery,1
Robbery056_x264_9,Robbery,1
Robbery056_x264_10,Robbery,1
Robbery056_x264_11,Robbery,1
Robbery056_x264_12,Robbery,1
Robbery056_x264_13,Robbery,1
Robbery056_x264_14,Robbery,1
Robbery056_x264_15,Robbery,1
Robbery056_x264_16,Robbery,1
Robbery056_x264_17,Robbery,1
Robbery056_x264_18,Robbery,1
Robbery056_x264_19,Robbery,1
Robbery056_x264_20,Robbery,1
Robbery056_x264_21,Robbery,1
Robbery056_x264_22,Robbery,1
Robbery056_x264_23,Robbery,1
Robbery056_x264_24,Robbery,1
Robbery056_x264_25,Robbery,1
Robbery056_x264_26,Robbery,1
Robbery056_x264_27,Robbery,1
Robbery056_x264_28,Robbery,1
Robbery056_x264_29,Robbery,1
Robbery056_x264_30,Robbery,1
Robbery056_x264_31,Robbery,1
Robbery057_x264_0,Robbery,1
Robbery057_x264_1,Robbery,1
Robbery057_x264_2,Robbery,0
Robbery057_x264_3,Robbery,0
Robbery057_x264_4,Robbery,0
Robbery057_x264_5,Robbery,0
Robbery057_x264_6,Robbery,0
Robbery057_x264_7,Robbery,0
Robbery057_x264_8,Robbery,0
Robbery057_x264_9,Robbery,0
Robbery057_x264_10,Robbery,0
Robbery057_x264_11,Robbery,0
Robbery057_x264_12,Robbery,0
Robbery057_x264_13,Robbery,0
Robbery057_x264_14,Robbery,0
Robbery057_x264_15,Robbery,0
Robbery057_x264_16,Robbery,0
Robbery057_x264_17,Robbery,1
Robbery057_x264_18,Robbery,1
Robbery057_x264_19,Robbery,0
Robbery057_x264_20,Robbery,0
Robbery057_x264_21,Robbery,0
Robbery057_x264_22,Robbery,0
Robbery057_x264_23,Robbery,1
Robbery057_x264_24,Robbery,1
Robbery057_x264_25,Robbery,1
Robbery057_x264_26,Robbery,1
Robbery057_x264_27,Robbery,1
Robbery057_x264_28,Robbery,1
Robbery057_x264_29,Robbery,1
Robbery057_x264_30,Robbery,1
Robbery057_x264_31,Robbery,1
Robbery058_x264_0,Robbery,0
Robbery058_x264_1,Robbery,0
Robbery058_x264_2,Robbery,0
Robbery058_x264_3,Robbery,0
Robbery058_x264_4,Robbery,0
Robbery058_x264_5,Robbery,1
Robbery058_x264_6,Robbery,1
Robbery058_x264_7,Robbery,1
Robbery058_x264_8,Robbery,1
Robbery058_x264_9,Robbery,1
Robbery058_x264_10,Robbery,1
Robbery058_x264_11,Robbery,1
Robbery058_x264_12,Robbery,1
Robbery058_x264_13,Robbery,1
Robbery058_x264_14,Robbery,1
Robbery058_x264_15,Robbery,1
Robbery058_x264_16,Robbery,1
Robbery058_x264_17,Robbery,1
Robbery058_x264_18,Robbery,1
Robbery058_x264_19,Robbery,1
Robbery058_x264_20,Robbery,1
Robbery058_x264_21,Robbery,1
Robbery058_x264_22,Robbery,1
Robbery058_x264_23,Robbery,1
Robbery058_x264_24,Robbery,1
Robbery058_x264_25,Robbery,1
Robbery058_x264_26,Robbery,1
Robbery058_x264_27,Robbery,1
Robbery058_x264_28,Robbery,1
Robbery058_x264_29,Robbery,1
Robbery058_x264_30,Robbery,1
Robbery058_x264_31,Robbery,1
Robbery060_x264_0,Robbery,0
Robbery060_x264_1,Robbery,1
Robbery060_x264_2,Robbery,1
Robbery060_x264_3,Robbery,1
Robbery060_x264_4,Robbery,1
Robbery060_x264_5,Robbery,1
Robbery060_x264_6,Robbery,1
Robbery060_x264_7,Robbery,1
Robbery060_x264_8,Robbery,1
Robbery060_x264_9,Robbery,1
Robbery060_x264_10,Robbery,1
Robbery060_x264_11,Robbery,1
Robbery060_x264_12,Robbery,1
Robbery060_x264_13,Robbery,1
Robbery060_x264_14,Robbery,1
Robbery060_x264_15,Robbery,1
Robbery060_x264_16,Robbery,1
Robbery060_x264_17,Robbery,1
Robbery060_x264_18,Robbery,1
Robbery060_x264_19,Robbery,1
Robbery060_x264_20,Robbery,1
Robbery060_x264_21,Robbery,1
Robbery060_x264_22,Robbery,1
Robbery060_x264_23,Robbery,1
Robbery060_x264_24,Robbery,1
Robbery060_x264_25,Robbery,1
Robbery060_x264_26,Robbery,1
Robbery060_x264_27,Robbery,0
Robbery060_x264_28,Robbery,0
Robbery060_x264_29,Robbery,0
Robbery060_x264_30,Robbery,0
Robbery060_x264_31,Robbery,0
Robbery061_x264_0,Robbery,0
Robbery061_x264_1,Robbery,0
Robbery061_x264_2,Robbery,0
Robbery061_x264_3,Robbery,0
Robbery061_x264_4,Robbery,0
Robbery061_x264_5,Robbery,0
Robbery061_x264_6,Robbery,1
Robbery061_x264_7,Robbery,1
Robbery061_x264_8,Robbery,1
Robbery061_x264_9,Robbery,1
Robbery061_x264_10,Robbery,1
Robbery061_x264_11,Robbery,1
Robbery061_x264_12,Robbery,1
Robbery061_x264_13,Robbery,1
Robbery061_x264_14,Robbery,1
Robbery061_x264_15,Robbery,1
Robbery061_x264_16,Robbery,1
Robbery061_x264_17,Robbery,1
Robbery061_x264_18,Robbery,1
Robbery061_x264_19,Robbery,1
Robbery061_x264_20,Robbery,1
Robbery061_x264_21,Robbery,0
Robbery061_x264_22,Robbery,0
Robbery061_x264_23,Robbery,1
Robbery061_x264_24,Robbery,1
Robbery061_x264_25,Robbery,1
Robbery061_x264_26,Robbery,1
Robbery061_x264_27,Robbery,1
Robbery061_x264_28,Robbery,0
Robbery061_x264_29,Robbery,0
Robbery061_x264_30,Robbery,0
Robbery061_x264_31,Robbery,0
Robbery062_x264_0,Robbery,0
Robbery062_x264_1,Robbery,1
Robbery062_x264_2,Robbery,1
Robbery062_x264_3,Robbery,1
Robbery062_x264_4,Robbery,1
Robbery062_x264_5,Robbery,1
Robbery062_x264_6,Robbery,1
Robbery062_x264_7,Robbery,1
Robbery062_x264_8,Robbery,1
Robbery062_x264_9,Robbery,1
Robbery062_x264_10,Robbery,1
Robbery062_x264_11,Robbery,1
Robbery062_x264_12,Robbery,1
Robbery062_x264_13,Robbery,1
Robbery062_x264_14,Robbery,1
Robbery062_x264_15,Robbery,1
Robbery062_x264_16,Robbery,1
Robbery062_x264_17,Robbery,1
Robbery062_x264_18,Robbery,1
Robbery062_x264_19,Robbery,1
Robbery062_x264_20,Robbery,1
Robbery062_x264_21,Robbery,0
Robbery062_x264_22,Robbery,0
Robbery062_x264_23,Robbery,0
Robbery062_x264_24,Robbery,0
Robbery062_x264_25,Robbery,0
Robbery062_x264_26,Robbery,0
Robbery062_x264_27,Robbery,0
Robbery062_x264_28,Robbery,0
Robbery062_x264_29,Robbery,0
Robbery062_x264_30,Robbery,0
Robbery062_x264_31,Robbery,0
Robbery063_x264_0,Robbery,0
Robbery063_x264_1,Robbery,0
Robbery063_x264_2,Robbery,0
Robbery063_x264_3,Robbery,0
Robbery063_x264_4,Robbery,0
Robbery063_x264_5,Robbery,0
Robbery063_x264_6,Robbery,0
Robbery063_x264_7,Robbery,0
Robbery063_x264_8,Robbery,0
Robbery063_x264_9,Robbery,0
Robbery063_x264_10,Robbery,0
Robbery063_x264_11,Robbery,1
Robbery063_x264_12,Robbery,1
Robbery063_x264_13,Robbery,1
Robbery063_x264_14,Robbery,1
Robbery063_x264_15,Robbery,0
Robbery063_x264_16,Robbery,0
Robbery063_x264_17,Robbery,0
Robbery063_x264_18,Robbery,1
Robbery063_x264_19,Robbery,1
Robbery063_x264_20,Robbery,1
Robbery063_x264_21,Robbery,0
Robbery063_x264_22,Robbery,0
Robbery063_x264_23,Robbery,0
Robbery063_x264_24,Robbery,0
Robbery063_x264_25,Robbery,0
Robbery063_x264_26,Robbery,0
Robbery063_x264_27,Robbery,0
Robbery063_x264_28,Robbery,0
Robbery063_x264_29,Robbery,0
Robbery063_x264_30,Robbery,0
Robbery063_x264_31,Robbery,0
Robbery064_x264_0,Robbery,0
Robbery064_x264_1,Robbery,0
Robbery064_x264_2,Robbery,0
Robbery064_x264_3,Robbery,0
Robbery064_x264_4,Robbery,0
Robbery064_x264_5,Robbery,0
Robbery064_x264_6,Robbery,0
Robbery064_x264_7,Robbery,0
Robbery064_x264_8,Robbery,0
Robbery064_x264_9,Robbery,0
Robbery064_x264_10,Robbery,0
Robbery064_x264_11,Robbery,0
Robbery064_x264_12,Robbery,0
Robbery064_x264_13,Robbery,0
Robbery064_x264_14,Robbery,0
Robbery064_x264_15,Robbery,0
Robbery064_x264_16,Robbery,0
Robbery064_x264_17,Robbery,1
Robbery064_x264_18,Robbery,1
Robbery064_x264_19,Robbery,1
Robbery064_x264_20,Robbery,0
Robbery064_x264_21,Robbery,0
Robbery064_x264_22,Robbery,0
Robbery064_x264_23,Robbery,0
Robbery064_x264_24,Robbery,1
Robbery064_x264_25,Robbery,1
Robbery064_x264_26,Robbery,1
Robbery064_x264_27,Robbery,1
Robbery064_x264_28,Robbery,1
Robbery064_x264_29,Robbery,1
Robbery064_x264_30,Robbery,1
Robbery064_x264_31,Robbery,1
Robbery065_x264_0,Robbery,0
Robbery065_x264_1,Robbery,1
Robbery065_x264_2,Robbery,1
Robbery065_x264_3,Robbery,1
Robbery065_x264_4,Robbery,1
Robbery065_x264_5,Robbery,1
Robbery065_x264_6,Robbery,1
Robbery065_x264_7,Robbery,1
Robbery065_x264_8,Robbery,1
Robbery065_x264_9,Robbery,1
Robbery065_x264_10,Robbery,1
Robbery065_x264_11,Robbery,1
Robbery065_x264_12,Robbery,1
Robbery065_x264_13,Robbery,1
Robbery065_x264_14,Robbery,1
Robbery065_x264_15,Robbery,1
Robbery065_x264_16,Robbery,1
Robbery065_x264_17,Robbery,1
Robbery065_x264_18,Robbery,1
Robbery065_x264_19,Robbery,1
Robbery065_x264_20,Robbery,1
Robbery065_x264_21,Robbery,1
Robbery065_x264_22,Robbery,1
Robbery065_x264_23,Robbery,1
Robbery065_x264_24,Robbery,1
Robbery065_x264_25,Robbery,1
Robbery065_x264_26,Robbery,1
Robbery065_x264_27,Robbery,1
Robbery065_x264_28,Robbery,1
Robbery065_x264_29,Robbery,1
Robbery065_x264_30,Robbery,1
Robbery065_x264_31,Robbery,0
Robbery066_x264_0,Robbery,0
Robbery066_x264_1,Robbery,0
Robbery066_x264_2,Robbery,1
Robbery066_x264_3,Robbery,1
Robbery066_x264_4,Robbery,1
Robbery066_x264_5,Robbery,1
Robbery066_x264_6,Robbery,0
Robbery066_x264_7,Robbery,0
Robbery066_x264_8,Robbery,0
Robbery066_x264_9,Robbery,0
Robbery066_x264_10,Robbery,0
Robbery066_x264_11,Robbery,0
Robbery066_x264_12,Robbery,0
Robbery066_x264_13,Robbery,0
Robbery066_x264_14,Robbery,0
Robbery066_x264_15,Robbery,0
Robbery066_x264_16,Robbery,0
Robbery066_x264_17,Robbery,0
Robbery066_x264_18,Robbery,0
Robbery066_x264_19,Robbery,0
Robbery066_x264_20,Robbery,0
Robbery066_x264_21,Robbery,0
Robbery066_x264_22,Robbery,0
Robbery066_x264_23,Robbery,0
Robbery066_x264_24,Robbery,0
Robbery066_x264_25,Robbery,0
Robbery066_x264_26,Robbery,0
Robbery066_x264_27,Robbery,0
Robbery066_x264_28,Robbery,0
Robbery066_x264_29,Robbery,0
Robbery066_x264_30,Robbery,0
Robbery066_x264_31,Robbery,0
Robbery067_x264_0,Robbery,0
Robbery067_x264_1,Robbery,0
Robbery067_x264_2,Robbery,0
Robbery067_x264_3,Robbery,0
Robbery067_x264_4,Robbery,0
Robbery067_x264_5,Robbery,0
Robbery067_x264_6,Robbery,1
Robbery067_x264_7,Robbery,1
Robbery067_x264_8,Robbery,1
Robbery067_x264_9,Robbery,1
Robbery067_x264_10,Robbery,1
Robbery067_x264_11,Robbery,1
Robbery067_x264_12,Robbery,1
Robbery067_x264_13,Robbery,1
Robbery067_x264_14,Robbery,1
Robbery067_x264_15,Robbery,1
Robbery067_x264_16,Robbery,1
Robbery067_x264_17,Robbery,1
Robbery067_x264_18,Robbery,1
Robbery067_x264_19,Robbery,1
Robbery067_x264_20,Robbery,0
Robbery067_x264_21,Robbery,0
Robbery067_x264_22,Robbery,0
Robbery067_x264_23,Robbery,0
Robbery067_x264_24,Robbery,0
Robbery067_x264_25,Robbery,0
Robbery067_x264_26,Robbery,0
Robbery067_x264_27,Robbery,0
Robbery067_x264_28,Robbery,0
Robbery067_x264_29,Robbery,0
Robbery067_x264_30,Robbery,0
Robbery067_x264_31,Robbery,0
Robbery071_x264_0,Robbery,0
Robbery071_x264_1,Robbery,0
Robbery071_x264_2,Robbery,0
Robbery071_x264_3,Robbery,0
Robbery071_x264_4,Robbery,0
Robbery071_x264_5,Robbery,0
Robbery071_x264_6,Robbery,0
Robbery071_x264_7,Robbery,0
Robbery071_x264_8,Robbery,0
Robbery071_x264_9,Robbery,0
Robbery071_x264_10,Robbery,1
Robbery071_x264_11,Robbery,1
Robbery071_x264_12,Robbery,1
Robbery071_x264_13,Robbery,1
Robbery071_x264_14,Robbery,1
Robbery071_x264_15,Robbery,1
Robbery071_x264_16,Robbery,1
Robbery071_x264_17,Robbery,1
Robbery071_x264_18,Robbery,1
Robbery071_x264_19,Robbery,1
Robbery071_x264_20,Robbery,1
Robbery071_x264_21,Robbery,1
Robbery071_x264_22,Robbery,1
Robbery071_x264_23,Robbery,1
Robbery071_x264_24,Robbery,1
Robbery071_x264_25,Robbery,1
Robbery071_x264_26,Robbery,1
Robbery071_x264_27,Robbery,1
Robbery071_x264_28,Robbery,1
Robbery071_x264_29,Robbery,1
Robbery071_x264_30,Robbery,1
Robbery071_x264_31,Robbery,1
Robbery072_x264_0,Robbery,0
Robbery072_x264_1,Robbery,0
Robbery072_x264_2,Robbery,0
Robbery072_x264_3,Robbery,0
Robbery072_x264_4,Robbery,0
Robbery072_x264_5,Robbery,0
Robbery072_x264_6,Robbery,0
Robbery072_x264_7,Robbery,0
Robbery072_x264_8,Robbery,1
Robbery072_x264_9,Robbery,1
Robbery072_x264_10,Robbery,1
Robbery072_x264_11,Robbery,1
Robbery072_x264_12,Robbery,1
Robbery072_x264_13,Robbery,1
Robbery072_x264_14,Robbery,1
Robbery072_x264_15,Robbery,1
Robbery072_x264_16,Robbery,1
Robbery072_x264_17,Robbery,1
Robbery072_x264_18,Robbery,1
Robbery072_x264_19,Robbery,1
Robbery072_x264_20,Robbery,1
Robbery072_x264_21,Robbery,1
Robbery072_x264_22,Robbery,1
Robbery072_x264_23,Robbery,1
Robbery072_x264_24,Robbery,1
Robbery072_x264_25,Robbery,1
Robbery072_x264_26,Robbery,1
Robbery072_x264_27,Robbery,1
Robbery072_x264_28,Robbery,1
Robbery072_x264_29,Robbery,1
Robbery072_x264_30,Robbery,1
Robbery072_x264_31,Robbery,1
Robbery077_x264_0,Robbery,0
Robbery077_x264_1,Robbery,1
Robbery077_x264_2,Robbery,1
Robbery077_x264_3,Robbery,1
Robbery077_x264_4,Robbery,1
Robbery077_x264_5,Robbery,1
Robbery077_x264_6,Robbery,0
Robbery077_x264_7,Robbery,1
Robbery077_x264_8,Robbery,1
Robbery077_x264_9,Robbery,1
Robbery077_x264_10,Robbery,1
Robbery077_x264_11,Robbery,1
Robbery077_x264_12,Robbery,1
Robbery077_x264_13,Robbery,1
Robbery077_x264_14,Robbery,1
Robbery077_x264_15,Robbery,1
Robbery077_x264_16,Robbery,1
Robbery077_x264_17,Robbery,1
Robbery077_x264_18,Robbery,1
Robbery077_x264_19,Robbery,1
Robbery077_x264_20,Robbery,1
Robbery077_x264_21,Robbery,1
Robbery077_x264_22,Robbery,1
Robbery077_x264_23,Robbery,1
Robbery077_x264_24,Robbery,1
Robbery077_x264_25,Robbery,1
Robbery077_x264_26,Robbery,1
Robbery077_x264_27,Robbery,0
Robbery077_x264_28,Robbery,0
Robbery077_x264_29,Robbery,0
Robbery077_x264_30,Robbery,0
Robbery077_x264_31,Robbery,0
Robbery078_x264_0,Robbery,0
Robbery078_x264_1,Robbery,0
Robbery078_x264_2,Robbery,0
Robbery078_x264_3,Robbery,0
Robbery078_x264_4,Robbery,0
Robbery078_x264_5,Robbery,1
Robbery078_x264_6,Robbery,1
Robbery078_x264_7,Robbery,1
Robbery078_x264_8,Robbery,1
Robbery078_x264_9,Robbery,1
Robbery078_x264_10,Robbery,0
Robbery078_x264_11,Robbery,0
Robbery078_x264_12,Robbery,0
Robbery078_x264_13,Robbery,1
Robbery078_x264_14,Robbery,1
Robbery078_x264_15,Robbery,1
Robbery078_x264_16,Robbery,1
Robbery078_x264_17,Robbery,1
Robbery078_x264_18,Robbery,1
Robbery078_x264_19,Robbery,1
Robbery078_x264_20,Robbery,0
Robbery078_x264_21,Robbery,1
Robbery078_x264_22,Robbery,1
Robbery078_x264_23,Robbery,1
Robbery078_x264_24,Robbery,1
Robbery078_x264_25,Robbery,1
Robbery078_x264_26,Robbery,1
Robbery078_x264_27,Robbery,1
Robbery078_x264_28,Robbery,1
Robbery078_x264_29,Robbery,0
Robbery078_x264_30,Robbery,0
Robbery078_x264_31,Robbery,0
Robbery080_x264_0,Robbery,0
Robbery080_x264_1,Robbery,0
Robbery080_x264_2,Robbery,0
Robbery080_x264_3,Robbery,0
Robbery080_x264_4,Robbery,1
Robbery080_x264_5,Robbery,1
Robbery080_x264_6,Robbery,1
Robbery080_x264_7,Robbery,1
Robbery080_x264_8,Robbery,1
Robbery080_x264_9,Robbery,1
Robbery080_x264_10,Robbery,1
Robbery080_x264_11,Robbery,1
Robbery080_x264_12,Robbery,1
Robbery080_x264_13,Robbery,1
Robbery080_x264_14,Robbery,1
Robbery080_x264_15,Robbery,1
Robbery080_x264_16,Robbery,1
Robbery080_x264_17,Robbery,1
Robbery080_x264_18,Robbery,1
Robbery080_x264_19,Robbery,1
Robbery080_x264_20,Robbery,1
Robbery080_x264_21,Robbery,1
Robbery080_x264_22,Robbery,1
Robbery080_x264_23,Robbery,1
Robbery080_x264_24,Robbery,1
Robbery080_x264_25,Robbery,1
Robbery080_x264_26,Robbery,1
Robbery080_x264_27,Robbery,0
Robbery080_x264_28,Robbery,0
Robbery080_x264_29,Robbery,0
Robbery080_x264_30,Robbery,0
Robbery080_x264_31,Robbery,0
Robbery081_x264_0,Robbery,1
Robbery081_x264_1,Robbery,1
Robbery081_x264_2,Robbery,1
Robbery081_x264_3,Robbery,1
Robbery081_x264_4,Robbery,1
Robbery081_x264_5,Robbery,1
Robbery081_x264_6,Robbery,1
Robbery081_x264_7,Robbery,1
Robbery081_x264_8,Robbery,1
Robbery081_x264_9,Robbery,1
Robbery081_x264_10,Robbery,1
Robbery081_x264_11,Robbery,1
Robbery081_x264_12,Robbery,1
Robbery081_x264_13,Robbery,1
Robbery081_x264_14,Robbery,1
Robbery081_x264_15,Robbery,1
Robbery081_x264_16,Robbery,1
Robbery081_x264_17,Robbery,1
Robbery081_x264_18,Robbery,1
Robbery081_x264_19,Robbery,1
Robbery081_x264_20,Robbery,1
Robbery081_x264_21,Robbery,1
Robbery081_x264_22,Robbery,1
Robbery081_x264_23,Robbery,1
Robbery081_x264_24,Robbery,0
Robbery081_x264_25,Robbery,0
Robbery081_x264_26,Robbery,0
Robbery081_x264_27,Robbery,0
Robbery081_x264_28,Robbery,0
Robbery081_x264_29,Robbery,0
Robbery081_x264_30,Robbery,0
Robbery081_x264_31,Robbery,0
Robbery082_x264_0,Robbery,0
Robbery082_x264_1,Robbery,1
Robbery082_x264_2,Robbery,1
Robbery082_x264_3,Robbery,1
Robbery082_x264_4,Robbery,1
Robbery082_x264_5,Robbery,1
Robbery082_x264_6,Robbery,0
Robbery082_x264_7,Robbery,0
Robbery082_x264_8,Robbery,0
Robbery082_x264_9,Robbery,0
Robbery082_x264_10,Robbery,0
Robbery082_x264_11,Robbery,0
Robbery082_x264_12,Robbery,0
Robbery082_x264_13,Robbery,0
Robbery082_x264_14,Robbery,0
Robbery082_x264_15,Robbery,0
Robbery082_x264_16,Robbery,0
Robbery082_x264_17,Robbery,1
Robbery082_x264_18,Robbery,1
Robbery082_x264_19,Robbery,1
Robbery082_x264_20,Robbery,1
Robbery082_x264_21,Robbery,1
Robbery082_x264_22,Robbery,1
Robbery082_x264_23,Robbery,1
Robbery082_x264_24,Robbery,1
Robbery082_x264_25,Robbery,1
Robbery082_x264_26,Robbery,1
Robbery082_x264_27,Robbery,1
Robbery082_x264_28,Robbery,1
Robbery082_x264_29,Robbery,1
Robbery082_x264_30,Robbery,1
Robbery082_x264_31,Robbery,1
Robbery083_x264_0,Robbery,0
Robbery083_x264_1,Robbery,0
Robbery083_x264_2,Robbery,0
Robbery083_x264_3,Robbery,0
Robbery083_x264_4,Robbery,1
Robbery083_x264_5,Robbery,1
Robbery083_x264_6,Robbery,1
Robbery083_x264_7,Robbery,1
Robbery083_x264_8,Robbery,1
Robbery083_x264_9,Robbery,1
Robbery083_x264_10,Robbery,1
Robbery083_x264_11,Robbery,1
Robbery083_x264_12,Robbery,1
Robbery083_x264_13,Robbery,1
Robbery083_x264_14,Robbery,1
Robbery083_x264_15,Robbery,1
Robbery083_x264_16,Robbery,1
Robbery083_x264_17,Robbery,1
Robbery083_x264_18,Robbery,1
Robbery083_x264_19,Robbery,1
Robbery083_x264_20,Robbery,1
Robbery083_x264_21,Robbery,1
Robbery083_x264_22,Robbery,1
Robbery083_x264_23,Robbery,1
Robbery083_x264_24,Robbery,1
Robbery083_x264_25,Robbery,1
Robbery083_x264_26,Robbery,1
Robbery083_x264_27,Robbery,1
Robbery083_x264_28,Robbery,1
Robbery083_x264_29,Robbery,1
Robbery083_x264_30,Robbery,1
Robbery083_x264_31,Robbery,1
Robbery085_x264_0,Robbery,1
Robbery085_x264_1,Robbery,1
Robbery085_x264_2,Robbery,1
Robbery085_x264_3,Robbery,1
Robbery085_x264_4,Robbery,1
Robbery085_x264_5,Robbery,1
Robbery085_x264_6,Robbery,1
Robbery085_x264_7,Robbery,1
Robbery085_x264_8,Robbery,1
Robbery085_x264_9,Robbery,1
Robbery085_x264_10,Robbery,1
Robbery085_x264_11,Robbery,1
Robbery085_x264_12,Robbery,1
Robbery085_x264_13,Robbery,1
Robbery085_x264_14,Robbery,1
Robbery085_x264_15,Robbery,1
Robbery085_x264_16,Robbery,1
Robbery085_x264_17,Robbery,1
Robbery085_x264_18,Robbery,1
Robbery085_x264_19,Robbery,1
Robbery085_x264_20,Robbery,1
Robbery085_x264_21,Robbery,1
Robbery085_x264_22,Robbery,1
Robbery085_x264_23,Robbery,1
Robbery085_x264_24,Robbery,1
Robbery085_x264_25,Robbery,1
Robbery085_x264_26,Robbery,1
Robbery085_x264_27,Robbery,1
Robbery085_x264_28,Robbery,1
Robbery085_x264_29,Robbery,1
Robbery085_x264_30,Robbery,1
Robbery085_x264_31,Robbery,1
Robbery087_x264_0,Robbery,0
Robbery087_x264_1,Robbery,1
Robbery087_x264_2,Robbery,1
Robbery087_x264_3,Robbery,1
Robbery087_x264_4,Robbery,1
Robbery087_x264_5,Robbery,1
Robbery087_x264_6,Robbery,1
Robbery087_x264_7,Robbery,1
Robbery087_x264_8,Robbery,1
Robbery087_x264_9,Robbery,1
Robbery087_x264_10,Robbery,1
Robbery087_x264_11,Robbery,1
Robbery087_x264_12,Robbery,1
Robbery087_x264_13,Robbery,1
Robbery087_x264_14,Robbery,1
Robbery087_x264_15,Robbery,1
Robbery087_x264_16,Robbery,1
Robbery087_x264_17,Robbery,0
Robbery087_x264_18,Robbery,1
Robbery087_x264_19,Robbery,0
Robbery087_x264_20,Robbery,0
Robbery087_x264_21,Robbery,0
Robbery087_x264_22,Robbery,0
Robbery087_x264_23,Robbery,0
Robbery087_x264_24,Robbery,0
Robbery087_x264_25,Robbery,0
Robbery087_x264_26,Robbery,0
Robbery087_x264_27,Robbery,0
Robbery087_x264_28,Robbery,0
Robbery087_x264_29,Robbery,0
Robbery087_x264_30,Robbery,0
Robbery087_x264_31,Robbery,0
Robbery088_x264_0,Robbery,1
Robbery088_x264_1,Robbery,1
Robbery088_x264_2,Robbery,1
Robbery088_x264_3,Robbery,1
Robbery088_x264_4,Robbery,1
Robbery088_x264_5,Robbery,1
Robbery088_x264_6,Robbery,1
Robbery088_x264_7,Robbery,1
Robbery088_x264_8,Robbery,1
Robbery088_x264_9,Robbery,1
Robbery088_x264_10,Robbery,1
Robbery088_x264_11,Robbery,1
Robbery088_x264_12,Robbery,1
Robbery088_x264_13,Robbery,1
Robbery088_x264_14,Robbery,1
Robbery088_x264_15,Robbery,1
Robbery088_x264_16,Robbery,1
Robbery088_x264_17,Robbery,1
Robbery088_x264_18,Robbery,1
Robbery088_x264_19,Robbery,1
Robbery088_x264_20,Robbery,1
Robbery088_x264_21,Robbery,1
Robbery088_x264_22,Robbery,1
Robbery088_x264_23,Robbery,1
Robbery088_x264_24,Robbery,1
Robbery088_x264_25,Robbery,1
Robbery088_x264_26,Robbery,1
Robbery088_x264_27,Robbery,1
Robbery088_x264_28,Robbery,1
Robbery088_x264_29,Robbery,1
Robbery088_x264_30,Robbery,1
Robbery088_x264_31,Robbery,1
Robbery091_x264_0,Robbery,0
Robbery091_x264_1,Robbery,0
Robbery091_x264_2,Robbery,0
Robbery091_x264_3,Robbery,0
Robbery091_x264_4,Robbery,0
Robbery091_x264_5,Robbery,0
Robbery091_x264_6,Robbery,0
Robbery091_x264_7,Robbery,0
Robbery091_x264_8,Robbery,1
Robbery091_x264_9,Robbery,1
Robbery091_x264_10,Robbery,1
Robbery091_x264_11,Robbery,1
Robbery091_x264_12,Robbery,1
Robbery091_x264_13,Robbery,1
Robbery091_x264_14,Robbery,1
Robbery091_x264_15,Robbery,1
Robbery091_x264_16,Robbery,1
Robbery091_x264_17,Robbery,1
Robbery091_x264_18,Robbery,1
Robbery091_x264_19,Robbery,1
Robbery091_x264_20,Robbery,1
Robbery091_x264_21,Robbery,1
Robbery091_x264_22,Robbery,1
Robbery091_x264_23,Robbery,1
Robbery091_x264_24,Robbery,1
Robbery091_x264_25,Robbery,1
Robbery091_x264_26,Robbery,1
Robbery091_x264_27,Robbery,1
Robbery091_x264_28,Robbery,1
Robbery091_x264_29,Robbery,1
Robbery091_x264_30,Robbery,1
Robbery091_x264_31,Robbery,1
Robbery093_x264_0,Robbery,0
Robbery093_x264_1,Robbery,0
Robbery093_x264_2,Robbery,0
Robbery093_x264_3,Robbery,0
Robbery093_x264_4,Robbery,0
Robbery093_x264_5,Robbery,0
Robbery093_x264_6,Robbery,0
Robbery093_x264_7,Robbery,0
Robbery093_x264_8,Robbery,0
Robbery093_x264_9,Robbery,0
Robbery093_x264_10,Robbery,0
Robbery093_x264_11,Robbery,0
Robbery093_x264_12,Robbery,1
Robbery093_x264_13,Robbery,1
Robbery093_x264_14,Robbery,1
Robbery093_x264_15,Robbery,0
Robbery093_x264_16,Robbery,0
Robbery093_x264_17,Robbery,0
Robbery093_x264_18,Robbery,0
Robbery093_x264_19,Robbery,0
Robbery093_x264_20,Robbery,0
Robbery093_x264_21,Robbery,0
Robbery093_x264_22,Robbery,0
Robbery093_x264_23,Robbery,0
Robbery093_x264_24,Robbery,1
Robbery093_x264_25,Robbery,1
Robbery093_x264_26,Robbery,1
Robbery093_x264_27,Robbery,0
Robbery093_x264_28,Robbery,0
Robbery093_x264_29,Robbery,0
Robbery093_x264_30,Robbery,0
Robbery093_x264_31,Robbery,0
Robbery094_x264_0,Robbery,1
Robbery094_x264_1,Robbery,0
Robbery094_x264_2,Robbery,1
Robbery094_x264_3,Robbery,1
Robbery094_x264_4,Robbery,1
Robbery094_x264_5,Robbery,0
Robbery094_x264_6,Robbery,1
Robbery094_x264_7,Robbery,1
Robbery094_x264_8,Robbery,1
Robbery094_x264_9,Robbery,1
Robbery094_x264_10,Robbery,1
Robbery094_x264_11,Robbery,0
Robbery094_x264_12,Robbery,0
Robbery094_x264_13,Robbery,0
Robbery094_x264_14,Robbery,0
Robbery094_x264_15,Robbery,0
Robbery094_x264_16,Robbery,0
Robbery094_x264_17,Robbery,0
Robbery094_x264_18,Robbery,0
Robbery094_x264_19,Robbery,0
Robbery094_x264_20,Robbery,0
Robbery094_x264_21,Robbery,0
Robbery094_x264_22,Robbery,0
Robbery094_x264_23,Robbery,0
Robbery094_x264_24,Robbery,0
Robbery094_x264_25,Robbery,0
Robbery094_x264_26,Robbery,0
Robbery094_x264_27,Robbery,0
Robbery094_x264_28,Robbery,0
Robbery094_x264_29,Robbery,0
Robbery094_x264_30,Robbery,0
Robbery094_x264_31,Robbery,0
Robbery095_x264_0,Robbery,0
Robbery095_x264_1,Robbery,0
Robbery095_x264_2,Robbery,0
Robbery095_x264_3,Robbery,0
Robbery095_x264_4,Robbery,0
Robbery095_x264_5,Robbery,0
Robbery095_x264_6,Robbery,0
Robbery095_x264_7,Robbery,0
Robbery095_x264_8,Robbery,0
Robbery095_x264_9,Robbery,0
Robbery095_x264_10,Robbery,0
Robbery095_x264_11,Robbery,0
Robbery095_x264_12,Robbery,0
Robbery095_x264_13,Robbery,0
Robbery095_x264_14,Robbery,0
Robbery095_x264_15,Robbery,1
Robbery095_x264_16,Robbery,1
Robbery095_x264_17,Robbery,0
Robbery095_x264_18,Robbery,0
Robbery095_x264_19,Robbery,1
Robbery095_x264_20,Robbery,1
Robbery095_x264_21,Robbery,0
Robbery095_x264_22,Robbery,0
Robbery095_x264_23,Robbery,0
Robbery095_x264_24,Robbery,0
Robbery095_x264_25,Robbery,0
Robbery095_x264_26,Robbery,0
Robbery095_x264_27,Robbery,0
Robbery095_x264_28,Robbery,1
Robbery095_x264_29,Robbery,1
Robbery095_x264_30,Robbery,0
Robbery095_x264_31,Robbery,0
Robbery096_x264_0,Robbery,0
Robbery096_x264_1,Robbery,0
Robbery096_x264_2,Robbery,0
Robbery096_x264_3,Robbery,0
Robbery096_x264_4,Robbery,0
Robbery096_x264_5,Robbery,0
Robbery096_x264_6,Robbery,0
Robbery096_x264_7,Robbery,0
Robbery096_x264_8,Robbery,0
Robbery096_x264_9,Robbery,0
Robbery096_x264_10,Robbery,0
Robbery096_x264_11,Robbery,0
Robbery096_x264_12,Robbery,0
Robbery096_x264_13,Robbery,0
Robbery096_x264_14,Robbery,0
Robbery096_x264_15,Robbery,0
Robbery096_x264_16,Robbery,0
Robbery096_x264_17,Robbery,0
Robbery096_x264_18,Robbery,1
Robbery096_x264_19,Robbery,1
Robbery096_x264_20,Robbery,1
Robbery096_x264_21,Robbery,0
Robbery096_x264_22,Robbery,0
Robbery096_x264_23,Robbery,0
Robbery096_x264_24,Robbery,1
Robbery096_x264_25,Robbery,1
Robbery096_x264_26,Robbery,1
Robbery096_x264_27,Robbery,1
Robbery096_x264_28,Robbery,1
Robbery096_x264_29,Robbery,0
Robbery096_x264_30,Robbery,0
Robbery096_x264_31,Robbery,0
Robbery097_x264_0,Robbery,0
Robbery097_x264_1,Robbery,0
Robbery097_x264_2,Robbery,0
Robbery097_x264_3,Robbery,0
Robbery097_x264_4,Robbery,0
Robbery097_x264_5,Robbery,0
Robbery097_x264_6,Robbery,0
Robbery097_x264_7,Robbery,0
Robbery097_x264_8,Robbery,0
Robbery097_x264_9,Robbery,0
Robbery097_x264_10,Robbery,0
Robbery097_x264_11,Robbery,0
Robbery097_x264_12,Robbery,0
Robbery097_x264_13,Robbery,0
Robbery097_x264_14,Robbery,0
Robbery097_x264_15,Robbery,0
Robbery097_x264_16,Robbery,0
Robbery097_x264_17,Robbery,0
Robbery097_x264_18,Robbery,0
Robbery097_x264_19,Robbery,0
Robbery097_x264_20,Robbery,0
Robbery097_x264_21,Robbery,0
Robbery097_x264_22,Robbery,0
Robbery097_x264_23,Robbery,0
Robbery097_x264_24,Robbery,0
Robbery097_x264_25,Robbery,0
Robbery097_x264_26,Robbery,0
Robbery097_x264_27,Robbery,0
Robbery097_x264_28,Robbery,0
Robbery097_x264_29,Robbery,0
Robbery097_x264_30,Robbery,0
Robbery097_x264_31,Robbery,0
Robbery099_x264_0,Robbery,0
Robbery099_x264_1,Robbery,0
Robbery099_x264_2,Robbery,0
Robbery099_x264_3,Robbery,0
Robbery099_x264_4,Robbery,0
Robbery099_x264_5,Robbery,0
Robbery099_x264_6,Robbery,0
Robbery099_x264_7,Robbery,0
Robbery099_x264_8,Robbery,1
Robbery099_x264_9,Robbery,1
Robbery099_x264_10,Robbery,1
Robbery099_x264_11,Robbery,0
Robbery099_x264_12,Robbery,0
Robbery099_x264_13,Robbery,0
Robbery099_x264_14,Robbery,0
Robbery099_x264_15,Robbery,0
Robbery099_x264_16,Robbery,0
Robbery099_x264_17,Robbery,0
Robbery099_x264_18,Robbery,0
Robbery099_x264_19,Robbery,0
Robbery099_x264_20,Robbery,0
Robbery099_x264_21,Robbery,0
Robbery099_x264_22,Robbery,0
Robbery099_x264_23,Robbery,0
Robbery099_x264_24,Robbery,0
Robbery099_x264_25,Robbery,1
Robbery099_x264_26,Robbery,1
Robbery099_x264_27,Robbery,1
Robbery099_x264_28,Robbery,1
Robbery099_x264_29,Robbery,1
Robbery099_x264_30,Robbery,1
Robbery099_x264_31,Robbery,1
Robbery100_x264_0,Robbery,0
Robbery100_x264_1,Robbery,0
Robbery100_x264_2,Robbery,0
Robbery100_x264_3,Robbery,0
Robbery100_x264_4,Robbery,0
Robbery100_x264_5,Robbery,0
Robbery100_x264_6,Robbery,1
Robbery100_x264_7,Robbery,1
Robbery100_x264_8,Robbery,1
Robbery100_x264_9,Robbery,1
Robbery100_x264_10,Robbery,1
Robbery100_x264_11,Robbery,1
Robbery100_x264_12,Robbery,1
Robbery100_x264_13,Robbery,1
Robbery100_x264_14,Robbery,1
Robbery100_x264_15,Robbery,1
Robbery100_x264_16,Robbery,1
Robbery100_x264_17,Robbery,1
Robbery100_x264_18,Robbery,1
Robbery100_x264_19,Robbery,1
Robbery100_x264_20,Robbery,1
Robbery100_x264_21,Robbery,1
Robbery100_x264_22,Robbery,1
Robbery100_x264_23,Robbery,1
Robbery100_x264_24,Robbery,1
Robbery100_x264_25,Robbery,1
Robbery100_x264_26,Robbery,1
Robbery100_x264_27,Robbery,1
Robbery100_x264_28,Robbery,1
Robbery100_x264_29,Robbery,1
Robbery100_x264_30,Robbery,1
Robbery100_x264_31,Robbery,1
Robbery102_x264_0,Robbery,0
Robbery102_x264_1,Robbery,0
Robbery102_x264_2,Robbery,0
Robbery102_x264_3,Robbery,0
Robbery102_x264_4,Robbery,0
Robbery102_x264_5,Robbery,0
Robbery102_x264_6,Robbery,0
Robbery102_x264_7,Robbery,0
Robbery102_x264_8,Robbery,0
Robbery102_x264_9,Robbery,0
Robbery102_x264_10,Robbery,0
Robbery102_x264_11,Robbery,0
Robbery102_x264_12,Robbery,0
Robbery102_x264_13,Robbery,0
Robbery102_x264_14,Robbery,0
Robbery102_x264_15,Robbery,0
Robbery102_x264_16,Robbery,0
Robbery102_x264_17,Robbery,0
Robbery102_x264_18,Robbery,0
Robbery102_x264_19,Robbery,0
Robbery102_x264_20,Robbery,0
Robbery102_x264_21,Robbery,0
Robbery102_x264_22,Robbery,0
Robbery102_x264_23,Robbery,0
Robbery102_x264_24,Robbery,0
Robbery102_x264_25,Robbery,0
Robbery102_x264_26,Robbery,0
Robbery102_x264_27,Robbery,0
Robbery102_x264_28,Robbery,0
Robbery102_x264_29,Robbery,0
Robbery102_x264_30,Robbery,0
Robbery102_x264_31,Robbery,0
Robbery103_x264_0,Robbery,0
Robbery103_x264_1,Robbery,0
Robbery103_x264_2,Robbery,0
Robbery103_x264_3,Robbery,0
Robbery103_x264_4,Robbery,0
Robbery103_x264_5,Robbery,0
Robbery103_x264_6,Robbery,0
Robbery103_x264_7,Robbery,0
Robbery103_x264_8,Robbery,0
Robbery103_x264_9,Robbery,0
Robbery103_x264_10,Robbery,0
Robbery103_x264_11,Robbery,0
Robbery103_x264_12,Robbery,1
Robbery103_x264_13,Robbery,1
Robbery103_x264_14,Robbery,1
Robbery103_x264_15,Robbery,1
Robbery103_x264_16,Robbery,1
Robbery103_x264_17,Robbery,1
Robbery103_x264_18,Robbery,1
Robbery103_x264_19,Robbery,1
Robbery103_x264_20,Robbery,1
Robbery103_x264_21,Robbery,1
Robbery103_x264_22,Robbery,1
Robbery103_x264_23,Robbery,1
Robbery103_x264_24,Robbery,1
Robbery103_x264_25,Robbery,1
Robbery103_x264_26,Robbery,1
Robbery103_x264_27,Robbery,1
Robbery103_x264_28,Robbery,1
Robbery103_x264_29,Robbery,1
Robbery103_x264_30,Robbery,1
Robbery103_x264_31,Robbery,1
Robbery104_x264_0,Robbery,0
Robbery104_x264_1,Robbery,0
Robbery104_x264_2,Robbery,0
Robbery104_x264_3,Robbery,0
Robbery104_x264_4,Robbery,0
Robbery104_x264_5,Robbery,0
Robbery104_x264_6,Robbery,0
Robbery104_x264_7,Robbery,0
Robbery104_x264_8,Robbery,0
Robbery104_x264_9,Robbery,0
Robbery104_x264_10,Robbery,0
Robbery104_x264_11,Robbery,0
Robbery104_x264_12,Robbery,0
Robbery104_x264_13,Robbery,0
Robbery104_x264_14,Robbery,0
Robbery104_x264_15,Robbery,0
Robbery104_x264_16,Robbery,0
Robbery104_x264_17,Robbery,0
Robbery104_x264_18,Robbery,0
Robbery104_x264_19,Robbery,0
Robbery104_x264_20,Robbery,1
Robbery104_x264_21,Robbery,1
Robbery104_x264_22,Robbery,1
Robbery104_x264_23,Robbery,1
Robbery104_x264_24,Robbery,1
Robbery104_x264_25,Robbery,1
Robbery104_x264_26,Robbery,1
Robbery104_x264_27,Robbery,1
Robbery104_x264_28,Robbery,1
Robbery104_x264_29,Robbery,1
Robbery104_x264_30,Robbery,1
Robbery104_x264_31,Robbery,1
Robbery105_x264_0,Robbery,0
Robbery105_x264_1,Robbery,0
Robbery105_x264_2,Robbery,0
Robbery105_x264_3,Robbery,0
Robbery105_x264_4,Robbery,0
Robbery105_x264_5,Robbery,0
Robbery105_x264_6,Robbery,0
Robbery105_x264_7,Robbery,0
Robbery105_x264_8,Robbery,1
Robbery105_x264_9,Robbery,1
Robbery105_x264_10,Robbery,1
Robbery105_x264_11,Robbery,1
Robbery105_x264_12,Robbery,1
Robbery105_x264_13,Robbery,1
Robbery105_x264_14,Robbery,1
Robbery105_x264_15,Robbery,1
Robbery105_x264_16,Robbery,1
Robbery105_x264_17,Robbery,1
Robbery105_x264_18,Robbery,1
Robbery105_x264_19,Robbery,1
Robbery105_x264_20,Robbery,1
Robbery105_x264_21,Robbery,0
Robbery105_x264_22,Robbery,0
Robbery105_x264_23,Robbery,0
Robbery105_x264_24,Robbery,0
Robbery105_x264_25,Robbery,0
Robbery105_x264_26,Robbery,0
Robbery105_x264_27,Robbery,0
Robbery105_x264_28,Robbery,0
Robbery105_x264_29,Robbery,0
Robbery105_x264_30,Robbery,0
Robbery106_x264_0,Robbery,0
Robbery106_x264_1,Robbery,0
Robbery106_x264_2,Robbery,0
Robbery106_x264_3,Robbery,0
Robbery106_x264_4,Robbery,0
Robbery106_x264_5,Robbery,0
Robbery106_x264_6,Robbery,0
Robbery106_x264_7,Robbery,0
Robbery106_x264_8,Robbery,0
Robbery106_x264_9,Robbery,0
Robbery106_x264_10,Robbery,0
Robbery106_x264_11,Robbery,0
Robbery106_x264_12,Robbery,0
Robbery106_x264_13,Robbery,0
Robbery106_x264_14,Robbery,0
Robbery106_x264_15,Robbery,0
Robbery106_x264_16,Robbery,1
Robbery106_x264_17,Robbery,1
Robbery106_x264_18,Robbery,1
Robbery106_x264_19,Robbery,1
Robbery106_x264_20,Robbery,1
Robbery106_x264_21,Robbery,0
Robbery106_x264_22,Robbery,0
Robbery106_x264_23,Robbery,0
Robbery106_x264_24,Robbery,0
Robbery106_x264_25,Robbery,0
Robbery106_x264_26,Robbery,0
Robbery106_x264_27,Robbery,0
Robbery106_x264_28,Robbery,0
Robbery106_x264_29,Robbery,0
Robbery106_x264_30,Robbery,0
Robbery106_x264_31,Robbery,0
Robbery107_x264_0,Robbery,0
Robbery107_x264_1,Robbery,0
Robbery107_x264_2,Robbery,0
Robbery107_x264_3,Robbery,0
Robbery107_x264_4,Robbery,0
Robbery107_x264_5,Robbery,0
Robbery107_x264_6,Robbery,0
Robbery107_x264_7,Robbery,0
Robbery107_x264_8,Robbery,0
Robbery107_x264_9,Robbery,0
Robbery107_x264_10,Robbery,0
Robbery107_x264_11,Robbery,0
Robbery107_x264_12,Robbery,0
Robbery107_x264_13,Robbery,0
Robbery107_x264_14,Robbery,0
Robbery107_x264_15,Robbery,0
Robbery107_x264_16,Robbery,0
Robbery107_x264_17,Robbery,0
Robbery107_x264_18,Robbery,0
Robbery107_x264_19,Robbery,0
Robbery107_x264_20,Robbery,0
Robbery107_x264_21,Robbery,0
Robbery107_x264_22,Robbery,0
Robbery107_x264_23,Robbery,0
Robbery107_x264_24,Robbery,0
Robbery107_x264_25,Robbery,0
Robbery107_x264_26,Robbery,0
Robbery107_x264_27,Robbery,0
Robbery107_x264_28,Robbery,1
Robbery107_x264_29,Robbery,1
Robbery107_x264_30,Robbery,1
Robbery107_x264_31,Robbery,1
Robbery109_x264_0,Robbery,1
Robbery109_x264_1,Robbery,1
Robbery109_x264_2,Robbery,1
Robbery109_x264_3,Robbery,1
Robbery109_x264_4,Robbery,1
Robbery109_x264_5,Robbery,1
Robbery109_x264_6,Robbery,1
Robbery109_x264_7,Robbery,1
Robbery109_x264_8,Robbery,1
Robbery109_x264_9,Robbery,1
Robbery109_x264_10,Robbery,1
Robbery109_x264_11,Robbery,1
Robbery109_x264_12,Robbery,1
Robbery109_x264_13,Robbery,1
Robbery109_x264_14,Robbery,1
Robbery109_x264_15,Robbery,1
Robbery109_x264_16,Robbery,1
Robbery109_x264_17,Robbery,1
Robbery109_x264_18,Robbery,1
Robbery109_x264_19,Robbery,1
Robbery109_x264_20,Robbery,1
Robbery109_x264_21,Robbery,1
Robbery109_x264_22,Robbery,1
Robbery109_x264_23,Robbery,1
Robbery109_x264_24,Robbery,1
Robbery109_x264_25,Robbery,1
Robbery109_x264_26,Robbery,1
Robbery109_x264_27,Robbery,1
Robbery109_x264_28,Robbery,0
Robbery109_x264_29,Robbery,0
Robbery109_x264_30,Robbery,0
Robbery109_x264_31,Robbery,0
Robbery110_x264_0,Robbery,0
Robbery110_x264_1,Robbery,0
Robbery110_x264_2,Robbery,0
Robbery110_x264_3,Robbery,0
Robbery110_x264_4,Robbery,0
Robbery110_x264_5,Robbery,0
Robbery110_x264_6,Robbery,0
Robbery110_x264_7,Robbery,0
Robbery110_x264_8,Robbery,0
Robbery110_x264_9,Robbery,0
Robbery110_x264_10,Robbery,0
Robbery110_x264_11,Robbery,0
Robbery110_x264_12,Robbery,0
Robbery110_x264_13,Robbery,0
Robbery110_x264_14,Robbery,0
Robbery110_x264_15,Robbery,0
Robbery110_x264_16,Robbery,0
Robbery110_x264_17,Robbery,0
Robbery110_x264_18,Robbery,0
Robbery110_x264_19,Robbery,0
Robbery110_x264_20,Robbery,0
Robbery110_x264_21,Robbery,0
Robbery110_x264_22,Robbery,0
Robbery110_x264_23,Robbery,0
Robbery110_x264_24,Robbery,0
Robbery110_x264_25,Robbery,0
Robbery110_x264_26,Robbery,0
Robbery110_x264_27,Robbery,0
Robbery110_x264_28,Robbery,0
Robbery110_x264_29,Robbery,0
Robbery110_x264_30,Robbery,0
Robbery110_x264_31,Robbery,0
Robbery111_x264_0,Robbery,0
Robbery111_x264_1,Robbery,0
Robbery111_x264_2,Robbery,0
Robbery111_x264_3,Robbery,0
Robbery111_x264_4,Robbery,0
Robbery111_x264_5,Robbery,0
Robbery111_x264_6,Robbery,1
Robbery111_x264_7,Robbery,1
Robbery111_x264_8,Robbery,1
Robbery111_x264_9,Robbery,1
Robbery111_x264_10,Robbery,1
Robbery111_x264_11,Robbery,1
Robbery111_x264_12,Robbery,1
Robbery111_x264_13,Robbery,1
Robbery111_x264_14,Robbery,1
Robbery111_x264_15,Robbery,1
Robbery111_x264_16,Robbery,1
Robbery111_x264_17,Robbery,1
Robbery111_x264_18,Robbery,1
Robbery111_x264_19,Robbery,1
Robbery111_x264_20,Robbery,1
Robbery111_x264_21,Robbery,1
Robbery111_x264_22,Robbery,1
Robbery111_x264_23,Robbery,1
Robbery111_x264_24,Robbery,1
Robbery111_x264_25,Robbery,1
Robbery111_x264_26,Robbery,1
Robbery111_x264_27,Robbery,1
Robbery111_x264_28,Robbery,1
Robbery111_x264_29,Robbery,1
Robbery111_x264_30,Robbery,1
Robbery111_x264_31,Robbery,1
Robbery112_x264_0,Robbery,0
Robbery112_x264_1,Robbery,0
Robbery112_x264_2,Robbery,0
Robbery112_x264_3,Robbery,0
Robbery112_x264_4,Robbery,0
Robbery112_x264_5,Robbery,0
Robbery112_x264_6,Robbery,0
Robbery112_x264_7,Robbery,0
Robbery112_x264_8,Robbery,0
Robbery112_x264_9,Robbery,0
Robbery112_x264_10,Robbery,0
Robbery112_x264_11,Robbery,0
Robbery112_x264_12,Robbery,0
Robbery112_x264_13,Robbery,0
Robbery112_x264_14,Robbery,0
Robbery112_x264_15,Robbery,0
Robbery112_x264_16,Robbery,0
Robbery112_x264_17,Robbery,1
Robbery112_x264_18,Robbery,1
Robbery112_x264_19,Robbery,1
Robbery112_x264_20,Robbery,1
Robbery112_x264_21,Robbery,1
Robbery112_x264_22,Robbery,1
Robbery112_x264_23,Robbery,1
Robbery112_x264_24,Robbery,1
Robbery112_x264_25,Robbery,1
Robbery112_x264_26,Robbery,1
Robbery112_x264_27,Robbery,1
Robbery112_x264_28,Robbery,1
Robbery112_x264_29,Robbery,1
Robbery112_x264_30,Robbery,0
Robbery112_x264_31,Robbery,0
Robbery114_x264_0,Robbery,0
Robbery114_x264_1,Robbery,0
Robbery114_x264_2,Robbery,0
Robbery114_x264_3,Robbery,0
Robbery114_x264_4,Robbery,0
Robbery114_x264_5,Robbery,0
Robbery114_x264_6,Robbery,0
Robbery114_x264_7,Robbery,0
Robbery114_x264_8,Robbery,0
Robbery114_x264_9,Robbery,0
Robbery114_x264_10,Robbery,1
Robbery114_x264_11,Robbery,1
Robbery114_x264_12,Robbery,1
Robbery114_x264_13,Robbery,0
Robbery114_x264_14,Robbery,0
Robbery114_x264_15,Robbery,0
Robbery114_x264_16,Robbery,0
Robbery114_x264_17,Robbery,0
Robbery114_x264_18,Robbery,1
Robbery114_x264_19,Robbery,1
Robbery114_x264_20,Robbery,0
Robbery114_x264_21,Robbery,0
Robbery114_x264_22,Robbery,0
Robbery114_x264_23,Robbery,0
Robbery114_x264_24,Robbery,0
Robbery114_x264_25,Robbery,0
Robbery114_x264_26,Robbery,0
Robbery114_x264_27,Robbery,0
Robbery114_x264_28,Robbery,0
Robbery114_x264_29,Robbery,0
Robbery114_x264_30,Robbery,0
Robbery114_x264_31,Robbery,0
Robbery115_x264_0,Robbery,0
Robbery115_x264_1,Robbery,0
Robbery115_x264_2,Robbery,0
Robbery115_x264_3,Robbery,1
Robbery115_x264_4,Robbery,1
Robbery115_x264_5,Robbery,1
Robbery115_x264_6,Robbery,1
Robbery115_x264_7,Robbery,1
Robbery115_x264_8,Robbery,1
Robbery115_x264_9,Robbery,1
Robbery115_x264_10,Robbery,1
Robbery115_x264_11,Robbery,1
Robbery115_x264_12,Robbery,1
Robbery115_x264_13,Robbery,1
Robbery115_x264_14,Robbery,1
Robbery115_x264_15,Robbery,1
Robbery115_x264_16,Robbery,1
Robbery115_x264_17,Robbery,1
Robbery115_x264_18,Robbery,1
Robbery115_x264_19,Robbery,1
Robbery115_x264_20,Robbery,1
Robbery115_x264_21,Robbery,1
Robbery115_x264_22,Robbery,1
Robbery115_x264_23,Robbery,1
Robbery115_x264_24,Robbery,1
Robbery115_x264_25,Robbery,1
Robbery115_x264_26,Robbery,1
Robbery115_x264_27,Robbery,1
Robbery115_x264_28,Robbery,1
Robbery115_x264_29,Robbery,1
Robbery115_x264_30,Robbery,1
Robbery115_x264_31,Robbery,1
Robbery117_x264_0,Robbery,0
Robbery117_x264_1,Robbery,0
Robbery117_x264_2,Robbery,0
Robbery117_x264_3,Robbery,0
Robbery117_x264_4,Robbery,0
Robbery117_x264_5,Robbery,1
Robbery117_x264_6,Robbery,1
Robbery117_x264_7,Robbery,1
Robbery117_x264_8,Robbery,1
Robbery117_x264_9,Robbery,1
Robbery117_x264_10,Robbery,1
Robbery117_x264_11,Robbery,1
Robbery117_x264_12,Robbery,1
Robbery117_x264_13,Robbery,1
Robbery117_x264_14,Robbery,1
Robbery117_x264_15,Robbery,0
Robbery117_x264_16,Robbery,0
Robbery117_x264_17,Robbery,0
Robbery117_x264_18,Robbery,0
Robbery117_x264_19,Robbery,1
Robbery117_x264_20,Robbery,0
Robbery117_x264_21,Robbery,0
Robbery117_x264_22,Robbery,0
Robbery117_x264_23,Robbery,1
Robbery117_x264_24,Robbery,1
Robbery117_x264_25,Robbery,0
Robbery117_x264_26,Robbery,0
Robbery117_x264_27,Robbery,0
Robbery117_x264_28,Robbery,0
Robbery117_x264_29,Robbery,0
Robbery117_x264_30,Robbery,1
Robbery117_x264_31,Robbery,1
Robbery118_x264_0,Robbery,0
Robbery118_x264_1,Robbery,1
Robbery118_x264_2,Robbery,1
Robbery118_x264_3,Robbery,1
Robbery118_x264_4,Robbery,1
Robbery118_x264_5,Robbery,1
Robbery118_x264_6,Robbery,1
Robbery118_x264_7,Robbery,1
Robbery118_x264_8,Robbery,1
Robbery118_x264_9,Robbery,1
Robbery118_x264_10,Robbery,1
Robbery118_x264_11,Robbery,1
Robbery118_x264_12,Robbery,1
Robbery118_x264_13,Robbery,1
Robbery118_x264_14,Robbery,1
Robbery118_x264_15,Robbery,1
Robbery118_x264_16,Robbery,1
Robbery118_x264_17,Robbery,1
Robbery118_x264_18,Robbery,1
Robbery118_x264_19,Robbery,0
Robbery118_x264_20,Robbery,0
Robbery118_x264_21,Robbery,0
Robbery118_x264_22,Robbery,0
Robbery118_x264_23,Robbery,0
Robbery118_x264_24,Robbery,0
Robbery118_x264_25,Robbery,0
Robbery118_x264_26,Robbery,0
Robbery118_x264_27,Robbery,0
Robbery118_x264_28,Robbery,0
Robbery118_x264_29,Robbery,0
Robbery118_x264_30,Robbery,0
Robbery118_x264_31,Robbery,0
Robbery119_x264_0,Robbery,0
Robbery119_x264_1,Robbery,0
Robbery119_x264_2,Robbery,0
Robbery119_x264_3,Robbery,1
Robbery119_x264_4,Robbery,1
Robbery119_x264_5,Robbery,1
Robbery119_x264_6,Robbery,1
Robbery119_x264_7,Robbery,1
Robbery119_x264_8,Robbery,1
Robbery119_x264_9,Robbery,1
Robbery119_x264_10,Robbery,1
Robbery119_x264_11,Robbery,1
Robbery119_x264_12,Robbery,1
Robbery119_x264_13,Robbery,1
Robbery119_x264_14,Robbery,1
Robbery119_x264_15,Robbery,1
Robbery119_x264_16,Robbery,1
Robbery119_x264_17,Robbery,1
Robbery119_x264_18,Robbery,0
Robbery119_x264_19,Robbery,0
Robbery119_x264_20,Robbery,0
Robbery119_x264_21,Robbery,0
Robbery119_x264_22,Robbery,0
Robbery119_x264_23,Robbery,0
Robbery119_x264_24,Robbery,0
Robbery119_x264_25,Robbery,0
Robbery119_x264_26,Robbery,0
Robbery119_x264_27,Robbery,0
Robbery119_x264_28,Robbery,0
Robbery119_x264_29,Robbery,0
Robbery119_x264_30,Robbery,0
Robbery119_x264_31,Robbery,0
Robbery120_x264_0,Robbery,0
Robbery120_x264_1,Robbery,0
Robbery120_x264_2,Robbery,0
Robbery120_x264_3,Robbery,0
Robbery120_x264_4,Robbery,0
Robbery120_x264_5,Robbery,0
Robbery120_x264_6,Robbery,0
Robbery120_x264_7,Robbery,0
Robbery120_x264_8,Robbery,1
Robbery120_x264_9,Robbery,1
Robbery120_x264_10,Robbery,1
Robbery120_x264_11,Robbery,1
Robbery120_x264_12,Robbery,1
Robbery120_x264_13,Robbery,1
Robbery120_x264_14,Robbery,1
Robbery120_x264_15,Robbery,1
Robbery120_x264_16,Robbery,1
Robbery120_x264_17,Robbery,1
Robbery120_x264_18,Robbery,1
Robbery120_x264_19,Robbery,1
Robbery120_x264_20,Robbery,1
Robbery120_x264_21,Robbery,1
Robbery120_x264_22,Robbery,0
Robbery120_x264_23,Robbery,0
Robbery120_x264_24,Robbery,0
Robbery120_x264_25,Robbery,0
Robbery120_x264_26,Robbery,0
Robbery120_x264_27,Robbery,1
Robbery120_x264_28,Robbery,1
Robbery120_x264_29,Robbery,1
Robbery120_x264_30,Robbery,1
Robbery120_x264_31,Robbery,1
Robbery121_x264_0,Robbery,0
Robbery121_x264_1,Robbery,0
Robbery121_x264_2,Robbery,0
Robbery121_x264_3,Robbery,0
Robbery121_x264_4,Robbery,0
Robbery121_x264_5,Robbery,0
Robbery121_x264_6,Robbery,0
Robbery121_x264_7,Robbery,0
Robbery121_x264_8,Robbery,0
Robbery121_x264_9,Robbery,0
Robbery121_x264_10,Robbery,0
Robbery121_x264_11,Robbery,0
Robbery121_x264_12,Robbery,0
Robbery121_x264_13,Robbery,0
Robbery121_x264_14,Robbery,0
Robbery121_x264_15,Robbery,0
Robbery121_x264_16,Robbery,0
Robbery121_x264_17,Robbery,0
Robbery121_x264_18,Robbery,0
Robbery121_x264_19,Robbery,0
Robbery121_x264_20,Robbery,0
Robbery121_x264_21,Robbery,0
Robbery121_x264_22,Robbery,0
Robbery121_x264_23,Robbery,0
Robbery121_x264_24,Robbery,0
Robbery121_x264_25,Robbery,0
Robbery121_x264_26,Robbery,0
Robbery121_x264_27,Robbery,0
Robbery121_x264_28,Robbery,0
Robbery121_x264_29,Robbery,0
Robbery121_x264_30,Robbery,0
Robbery121_x264_31,Robbery,0
Robbery122_x264_0,Robbery,0
Robbery122_x264_1,Robbery,0
Robbery122_x264_2,Robbery,0
Robbery122_x264_3,Robbery,0
Robbery122_x264_4,Robbery,0
Robbery122_x264_5,Robbery,0
Robbery122_x264_6,Robbery,0
Robbery122_x264_7,Robbery,0
Robbery122_x264_8,Robbery,0
Robbery122_x264_9,Robbery,0
Robbery122_x264_10,Robbery,1
Robbery122_x264_11,Robbery,1
Robbery122_x264_12,Robbery,1
Robbery122_x264_13,Robbery,1
Robbery122_x264_14,Robbery,1
Robbery122_x264_15,Robbery,1
Robbery122_x264_16,Robbery,1
Robbery122_x264_17,Robbery,1
Robbery122_x264_18,Robbery,1
Robbery122_x264_19,Robbery,1
Robbery122_x264_20,Robbery,1
Robbery122_x264_21,Robbery,1
Robbery122_x264_22,Robbery,1
Robbery122_x264_23,Robbery,1
Robbery122_x264_24,Robbery,1
Robbery122_x264_25,Robbery,1
Robbery122_x264_26,Robbery,1
Robbery122_x264_27,Robbery,1
Robbery122_x264_28,Robbery,1
Robbery122_x264_29,Robbery,1
Robbery122_x264_30,Robbery,1
Robbery122_x264_31,Robbery,1
Robbery123_x264_0,Robbery,0
Robbery123_x264_1,Robbery,0
Robbery123_x264_2,Robbery,0
Robbery123_x264_3,Robbery,0
Robbery123_x264_4,Robbery,0
Robbery123_x264_5,Robbery,1
Robbery123_x264_6,Robbery,1
Robbery123_x264_7,Robbery,1
Robbery123_x264_8,Robbery,1
Robbery123_x264_9,Robbery,1
Robbery123_x264_10,Robbery,1
Robbery123_x264_11,Robbery,1
Robbery123_x264_12,Robbery,1
Robbery123_x264_13,Robbery,1
Robbery123_x264_14,Robbery,1
Robbery123_x264_15,Robbery,1
Robbery123_x264_16,Robbery,1
Robbery123_x264_17,Robbery,1
Robbery123_x264_18,Robbery,1
Robbery123_x264_19,Robbery,1
Robbery123_x264_20,Robbery,1
Robbery123_x264_21,Robbery,1
Robbery123_x264_22,Robbery,1
Robbery123_x264_23,Robbery,1
Robbery123_x264_24,Robbery,1
Robbery123_x264_25,Robbery,0
Robbery123_x264_26,Robbery,0
Robbery123_x264_27,Robbery,0
Robbery123_x264_28,Robbery,0
Robbery123_x264_29,Robbery,0
Robbery123_x264_30,Robbery,0
Robbery123_x264_31,Robbery,0
Robbery126_x264_0,Robbery,0
Robbery126_x264_1,Robbery,0
Robbery126_x264_2,Robbery,0
Robbery126_x264_3,Robbery,0
Robbery126_x264_4,Robbery,0
Robbery126_x264_5,Robbery,0
Robbery126_x264_6,Robbery,0
Robbery126_x264_7,Robbery,0
Robbery126_x264_8,Robbery,0
Robbery126_x264_9,Robbery,0
Robbery126_x264_10,Robbery,0
Robbery126_x264_11,Robbery,0
Robbery126_x264_12,Robbery,0
Robbery126_x264_13,Robbery,0
Robbery126_x264_14,Robbery,0
Robbery126_x264_15,Robbery,0
Robbery126_x264_16,Robbery,0
Robbery126_x264_17,Robbery,1
Robbery126_x264_18,Robbery,1
Robbery126_x264_19,Robbery,1
Robbery126_x264_20,Robbery,1
Robbery126_x264_21,Robbery,1
Robbery126_x264_22,Robbery,1
Robbery126_x264_23,Robbery,1
Robbery126_x264_24,Robbery,1
Robbery126_x264_25,Robbery,1
Robbery126_x264_26,Robbery,1
Robbery126_x264_27,Robbery,1
Robbery126_x264_28,Robbery,1
Robbery126_x264_29,Robbery,1
Robbery126_x264_30,Robbery,1
Robbery126_x264_31,Robbery,1
Robbery127_x264_0,Robbery,0
Robbery127_x264_1,Robbery,1
Robbery127_x264_2,Robbery,1
Robbery127_x264_3,Robbery,1
Robbery127_x264_4,Robbery,1
Robbery127_x264_5,Robbery,1
Robbery127_x264_6,Robbery,1
Robbery127_x264_7,Robbery,1
Robbery127_x264_8,Robbery,1
Robbery127_x264_9,Robbery,1
Robbery127_x264_10,Robbery,1
Robbery127_x264_11,Robbery,1
Robbery127_x264_12,Robbery,1
Robbery127_x264_13,Robbery,1
Robbery127_x264_14,Robbery,1
Robbery127_x264_15,Robbery,1
Robbery127_x264_16,Robbery,1
Robbery127_x264_17,Robbery,1
Robbery127_x264_18,Robbery,1
Robbery127_x264_19,Robbery,1
Robbery127_x264_20,Robbery,1
Robbery127_x264_21,Robbery,1
Robbery127_x264_22,Robbery,1
Robbery127_x264_23,Robbery,1
Robbery127_x264_24,Robbery,1
Robbery127_x264_25,Robbery,1
Robbery127_x264_26,Robbery,0
Robbery127_x264_27,Robbery,0
Robbery127_x264_28,Robbery,0
Robbery127_x264_29,Robbery,0
Robbery127_x264_30,Robbery,0
Robbery127_x264_31,Robbery,0
Robbery129_x264_0,Robbery,1
Robbery129_x264_1,Robbery,1
Robbery129_x264_2,Robbery,1
Robbery129_x264_3,Robbery,1
Robbery129_x264_4,Robbery,1
Robbery129_x264_5,Robbery,1
Robbery129_x264_6,Robbery,1
Robbery129_x264_7,Robbery,1
Robbery129_x264_8,Robbery,0
Robbery129_x264_9,Robbery,0
Robbery129_x264_10,Robbery,0
Robbery129_x264_11,Robbery,0
Robbery129_x264_12,Robbery,0
Robbery129_x264_13,Robbery,0
Robbery129_x264_14,Robbery,0
Robbery129_x264_15,Robbery,0
Robbery129_x264_16,Robbery,0
Robbery129_x264_17,Robbery,1
Robbery129_x264_18,Robbery,1
Robbery129_x264_19,Robbery,1
Robbery129_x264_20,Robbery,1
Robbery129_x264_21,Robbery,1
Robbery129_x264_22,Robbery,1
Robbery129_x264_23,Robbery,1
Robbery129_x264_24,Robbery,1
Robbery129_x264_25,Robbery,0
Robbery129_x264_26,Robbery,0
Robbery129_x264_27,Robbery,0
Robbery129_x264_28,Robbery,1
Robbery129_x264_29,Robbery,1
Robbery129_x264_30,Robbery,0
Robbery129_x264_31,Robbery,0
Robbery130_x264_0,Robbery,0
Robbery130_x264_1,Robbery,0
Robbery130_x264_2,Robbery,1
Robbery130_x264_3,Robbery,1
Robbery130_x264_4,Robbery,1
Robbery130_x264_5,Robbery,1
Robbery130_x264_6,Robbery,0
Robbery130_x264_7,Robbery,0
Robbery130_x264_8,Robbery,0
Robbery130_x264_9,Robbery,0
Robbery130_x264_10,Robbery,1
Robbery130_x264_11,Robbery,1
Robbery130_x264_12,Robbery,1
Robbery130_x264_13,Robbery,1
Robbery130_x264_14,Robbery,1
Robbery130_x264_15,Robbery,1
Robbery130_x264_16,Robbery,1
Robbery130_x264_17,Robbery,1
Robbery130_x264_18,Robbery,1
Robbery130_x264_19,Robbery,1
Robbery130_x264_20,Robbery,1
Robbery130_x264_21,Robbery,1
Robbery130_x264_22,Robbery,1
Robbery130_x264_23,Robbery,1
Robbery130_x264_24,Robbery,1
Robbery130_x264_25,Robbery,1
Robbery130_x264_26,Robbery,1
Robbery130_x264_27,Robbery,1
Robbery130_x264_28,Robbery,1
Robbery130_x264_29,Robbery,1
Robbery130_x264_30,Robbery,1
Robbery130_x264_31,Robbery,1
Robbery131_x264_0,Robbery,0
Robbery131_x264_1,Robbery,0
Robbery131_x264_2,Robbery,0
Robbery131_x264_3,Robbery,0
Robbery131_x264_4,Robbery,0
Robbery131_x264_5,Robbery,0
Robbery131_x264_6,Robbery,0
Robbery131_x264_7,Robbery,0
Robbery131_x264_8,Robbery,0
Robbery131_x264_9,Robbery,0
Robbery131_x264_10,Robbery,0
Robbery131_x264_11,Robbery,0
Robbery131_x264_12,Robbery,0
Robbery131_x264_13,Robbery,0
Robbery131_x264_14,Robbery,0
Robbery131_x264_15,Robbery,0
Robbery131_x264_16,Robbery,1
Robbery131_x264_17,Robbery,1
Robbery131_x264_18,Robbery,1
Robbery131_x264_19,Robbery,1
Robbery131_x264_20,Robbery,1
Robbery131_x264_21,Robbery,1
Robbery131_x264_22,Robbery,1
Robbery131_x264_23,Robbery,1
Robbery131_x264_24,Robbery,1
Robbery131_x264_25,Robbery,1
Robbery131_x264_26,Robbery,1
Robbery131_x264_27,Robbery,1
Robbery131_x264_28,Robbery,0
Robbery131_x264_29,Robbery,0
Robbery131_x264_30,Robbery,1
Robbery131_x264_31,Robbery,1
Robbery133_x264_0,Robbery,0
Robbery133_x264_1,Robbery,0
Robbery133_x264_2,Robbery,0
Robbery133_x264_3,Robbery,0
Robbery133_x264_4,Robbery,0
Robbery133_x264_5,Robbery,0
Robbery133_x264_6,Robbery,0
Robbery133_x264_7,Robbery,0
Robbery133_x264_8,Robbery,1
Robbery133_x264_9,Robbery,1
Robbery133_x264_10,Robbery,1
Robbery133_x264_11,Robbery,1
Robbery133_x264_12,Robbery,1
Robbery133_x264_13,Robbery,1
Robbery133_x264_14,Robbery,1
Robbery133_x264_15,Robbery,1
Robbery133_x264_16,Robbery,1
Robbery133_x264_17,Robbery,1
Robbery133_x264_18,Robbery,1
Robbery133_x264_19,Robbery,1
Robbery133_x264_20,Robbery,1
Robbery133_x264_21,Robbery,1
Robbery133_x264_22,Robbery,1
Robbery133_x264_23,Robbery,1
Robbery133_x264_24,Robbery,1
Robbery133_x264_25,Robbery,1
Robbery133_x264_26,Robbery,1
Robbery133_x264_27,Robbery,1
Robbery133_x264_28,Robbery,1
Robbery133_x264_29,Robbery,1
Robbery133_x264_30,Robbery,1
Robbery133_x264_31,Robbery,1
Robbery136_x264_0,Robbery,0
Robbery136_x264_1,Robbery,0
Robbery136_x264_2,Robbery,0
Robbery136_x264_3,Robbery,0
Robbery136_x264_4,Robbery,0
Robbery136_x264_5,Robbery,1
Robbery136_x264_6,Robbery,1
Robbery136_x264_7,Robbery,1
Robbery136_x264_8,Robbery,1
Robbery136_x264_9,Robbery,1
Robbery136_x264_10,Robbery,1
Robbery136_x264_11,Robbery,1
Robbery136_x264_12,Robbery,1
Robbery136_x264_13,Robbery,1
Robbery136_x264_14,Robbery,1
Robbery136_x264_15,Robbery,1
Robbery136_x264_16,Robbery,1
Robbery136_x264_17,Robbery,1
Robbery136_x264_18,Robbery,1
Robbery136_x264_19,Robbery,1
Robbery136_x264_20,Robbery,1
Robbery136_x264_21,Robbery,1
Robbery136_x264_22,Robbery,1
Robbery136_x264_23,Robbery,1
Robbery136_x264_24,Robbery,1
Robbery136_x264_25,Robbery,1
Robbery136_x264_26,Robbery,1
Robbery136_x264_27,Robbery,1
Robbery136_x264_28,Robbery,1
Robbery136_x264_29,Robbery,1
Robbery136_x264_30,Robbery,1
Robbery136_x264_31,Robbery,1
Robbery137_x264_0,Robbery,0
Robbery137_x264_1,Robbery,1
Robbery137_x264_2,Robbery,1
Robbery137_x264_3,Robbery,1
Robbery137_x264_4,Robbery,1
Robbery137_x264_5,Robbery,1
Robbery137_x264_6,Robbery,1
Robbery137_x264_7,Robbery,1
Robbery137_x264_8,Robbery,1
Robbery137_x264_9,Robbery,1
Robbery137_x264_10,Robbery,1
Robbery137_x264_11,Robbery,1
Robbery137_x264_12,Robbery,1
Robbery137_x264_13,Robbery,1
Robbery137_x264_14,Robbery,1
Robbery137_x264_15,Robbery,1
Robbery137_x264_16,Robbery,1
Robbery137_x264_17,Robbery,1
Robbery137_x264_18,Robbery,1
Robbery137_x264_19,Robbery,1
Robbery137_x264_20,Robbery,1
Robbery137_x264_21,Robbery,1
Robbery137_x264_22,Robbery,1
Robbery137_x264_23,Robbery,1
Robbery137_x264_24,Robbery,1
Robbery137_x264_25,Robbery,1
Robbery137_x264_26,Robbery,1
Robbery137_x264_27,Robbery,1
Robbery137_x264_28,Robbery,1
Robbery137_x264_29,Robbery,1
Robbery137_x264_30,Robbery,1
Robbery137_x264_31,Robbery,1
Robbery139_x264_0,Robbery,0
Robbery139_x264_1,Robbery,0
Robbery139_x264_2,Robbery,0
Robbery139_x264_3,Robbery,0
Robbery139_x264_4,Robbery,0
Robbery139_x264_5,Robbery,0
Robbery139_x264_6,Robbery,0
Robbery139_x264_7,Robbery,0
Robbery139_x264_8,Robbery,0
Robbery139_x264_9,Robbery,0
Robbery139_x264_10,Robbery,1
Robbery139_x264_11,Robbery,1
Robbery139_x264_12,Robbery,1
Robbery139_x264_13,Robbery,1
Robbery139_x264_14,Robbery,1
Robbery139_x264_15,Robbery,1
Robbery139_x264_16,Robbery,1
Robbery139_x264_17,Robbery,1
Robbery139_x264_18,Robbery,1
Robbery139_x264_19,Robbery,0
Robbery139_x264_20,Robbery,0
Robbery139_x264_21,Robbery,0
Robbery139_x264_22,Robbery,0
Robbery139_x264_23,Robbery,0
Robbery139_x264_24,Robbery,0
Robbery139_x264_25,Robbery,0
Robbery139_x264_26,Robbery,0
Robbery139_x264_27,Robbery,0
Robbery139_x264_28,Robbery,0
Robbery139_x264_29,Robbery,0
Robbery139_x264_30,Robbery,0
Robbery139_x264_31,Robbery,0
Robbery140_x264_0,Robbery,0
Robbery140_x264_1,Robbery,0
Robbery140_x264_2,Robbery,0
Robbery140_x264_3,Robbery,0
Robbery140_x264_4,Robbery,0
Robbery140_x264_5,Robbery,0
Robbery140_x264_6,Robbery,0
Robbery140_x264_7,Robbery,1
Robbery140_x264_8,Robbery,1
Robbery140_x264_9,Robbery,1
Robbery140_x264_10,Robbery,0
Robbery140_x264_11,Robbery,0
Robbery140_x264_12,Robbery,0
Robbery140_x264_13,Robbery,0
Robbery140_x264_14,Robbery,0
Robbery140_x264_15,Robbery,0
Robbery140_x264_16,Robbery,1
Robbery140_x264_17,Robbery,1
Robbery140_x264_18,Robbery,1
Robbery140_x264_19,Robbery,1
Robbery140_x264_20,Robbery,1
Robbery140_x264_21,Robbery,1
Robbery140_x264_22,Robbery,1
Robbery140_x264_23,Robbery,1
Robbery140_x264_24,Robbery,1
Robbery140_x264_25,Robbery,1
Robbery140_x264_26,Robbery,1
Robbery140_x264_27,Robbery,1
Robbery140_x264_28,Robbery,1
Robbery140_x264_29,Robbery,1
Robbery140_x264_30,Robbery,1
Robbery140_x264_31,Robbery,1
Robbery142_x264_0,Robbery,0
Robbery142_x264_1,Robbery,0
Robbery142_x264_2,Robbery,0
Robbery142_x264_3,Robbery,0
Robbery142_x264_4,Robbery,0
Robbery142_x264_5,Robbery,0
Robbery142_x264_6,Robbery,0
Robbery142_x264_7,Robbery,0
Robbery142_x264_8,Robbery,0
Robbery142_x264_9,Robbery,0
Robbery142_x264_10,Robbery,0
Robbery142_x264_11,Robbery,0
Robbery142_x264_12,Robbery,0
Robbery142_x264_13,Robbery,1
Robbery142_x264_14,Robbery,1
Robbery142_x264_15,Robbery,1
Robbery142_x264_16,Robbery,1
Robbery142_x264_17,Robbery,1
Robbery142_x264_18,Robbery,1
Robbery142_x264_19,Robbery,1
Robbery142_x264_20,Robbery,1
Robbery142_x264_21,Robbery,1
Robbery142_x264_22,Robbery,1
Robbery142_x264_23,Robbery,1
Robbery142_x264_24,Robbery,1
Robbery142_x264_25,Robbery,1
Robbery142_x264_26,Robbery,1
Robbery142_x264_27,Robbery,1
Robbery142_x264_28,Robbery,1
Robbery142_x264_29,Robbery,1
Robbery142_x264_30,Robbery,1
Robbery142_x264_31,Robbery,1
Robbery145_x264_0,Robbery,0
Robbery145_x264_1,Robbery,0
Robbery145_x264_2,Robbery,1
Robbery145_x264_3,Robbery,1
Robbery145_x264_4,Robbery,1
Robbery145_x264_5,Robbery,1
Robbery145_x264_6,Robbery,1
Robbery145_x264_7,Robbery,1
Robbery145_x264_8,Robbery,1
Robbery145_x264_9,Robbery,1
Robbery145_x264_10,Robbery,1
Robbery145_x264_11,Robbery,1
Robbery145_x264_12,Robbery,1
Robbery145_x264_13,Robbery,1
Robbery145_x264_14,Robbery,1
Robbery145_x264_15,Robbery,1
Robbery145_x264_16,Robbery,1
Robbery145_x264_17,Robbery,1
Robbery145_x264_18,Robbery,1
Robbery145_x264_19,Robbery,1
Robbery145_x264_20,Robbery,1
Robbery145_x264_21,Robbery,1
Robbery145_x264_22,Robbery,1
Robbery145_x264_23,Robbery,1
Robbery145_x264_24,Robbery,1
Robbery145_x264_25,Robbery,1
Robbery145_x264_26,Robbery,1
Robbery145_x264_27,Robbery,1
Robbery145_x264_28,Robbery,1
Robbery145_x264_29,Robbery,1
Robbery145_x264_30,Robbery,1
Robbery145_x264_31,Robbery,1
Robbery146_x264_0,Robbery,1
Robbery146_x264_1,Robbery,1
Robbery146_x264_2,Robbery,1
Robbery146_x264_3,Robbery,1
Robbery146_x264_4,Robbery,1
Robbery146_x264_5,Robbery,1
Robbery146_x264_6,Robbery,1
Robbery146_x264_7,Robbery,1
Robbery146_x264_8,Robbery,1
Robbery146_x264_9,Robbery,1
Robbery146_x264_10,Robbery,1
Robbery146_x264_11,Robbery,1
Robbery146_x264_12,Robbery,1
Robbery146_x264_13,Robbery,1
Robbery146_x264_14,Robbery,1
Robbery146_x264_15,Robbery,1
Robbery146_x264_16,Robbery,1
Robbery146_x264_17,Robbery,1
Robbery146_x264_18,Robbery,1
Robbery146_x264_19,Robbery,1
Robbery146_x264_20,Robbery,1
Robbery146_x264_21,Robbery,1
Robbery146_x264_22,Robbery,1
Robbery146_x264_23,Robbery,1
Robbery146_x264_24,Robbery,1
Robbery146_x264_25,Robbery,1
Robbery146_x264_26,Robbery,1
Robbery146_x264_27,Robbery,1
Robbery146_x264_28,Robbery,1
Robbery146_x264_29,Robbery,1
Robbery146_x264_30,Robbery,1
Robbery146_x264_31,Robbery,0
Robbery148_x264_0,Robbery,0
Robbery148_x264_1,Robbery,0
Robbery148_x264_2,Robbery,0
Robbery148_x264_3,Robbery,1
Robbery148_x264_4,Robbery,1
Robbery148_x264_5,Robbery,0
Robbery148_x264_6,Robbery,0
Robbery148_x264_7,Robbery,0
Robbery148_x264_8,Robbery,0
Robbery148_x264_9,Robbery,0
Robbery148_x264_10,Robbery,0
Robbery148_x264_11,Robbery,0
Robbery148_x264_12,Robbery,0
Robbery148_x264_13,Robbery,0
Robbery148_x264_14,Robbery,0
Robbery148_x264_15,Robbery,0
Robbery148_x264_16,Robbery,0
Robbery148_x264_17,Robbery,0
Robbery148_x264_18,Robbery,0
Robbery148_x264_19,Robbery,0
Robbery148_x264_20,Robbery,0
Robbery148_x264_21,Robbery,0
Robbery148_x264_22,Robbery,0
Robbery148_x264_23,Robbery,0
Robbery148_x264_24,Robbery,0
Robbery148_x264_25,Robbery,0
Robbery148_x264_26,Robbery,0
Robbery148_x264_27,Robbery,0
Robbery148_x264_28,Robbery,0
Robbery148_x264_29,Robbery,0
Robbery148_x264_30,Robbery,0
Robbery148_x264_31,Robbery,0
Robbery149_x264_0,Robbery,0
Robbery149_x264_1,Robbery,0
Robbery149_x264_2,Robbery,0
Robbery149_x264_3,Robbery,1
Robbery149_x264_4,Robbery,1
Robbery149_x264_5,Robbery,1
Robbery149_x264_6,Robbery,1
Robbery149_x264_7,Robbery,1
Robbery149_x264_8,Robbery,1
Robbery149_x264_9,Robbery,1
Robbery149_x264_10,Robbery,1
Robbery149_x264_11,Robbery,1
Robbery149_x264_12,Robbery,1
Robbery149_x264_13,Robbery,1
Robbery149_x264_14,Robbery,1
Robbery149_x264_15,Robbery,1
Robbery149_x264_16,Robbery,1
Robbery149_x264_17,Robbery,1
Robbery149_x264_18,Robbery,1
Robbery149_x264_19,Robbery,1
Robbery149_x264_20,Robbery,1
Robbery149_x264_21,Robbery,1
Robbery149_x264_22,Robbery,1
Robbery149_x264_23,Robbery,1
Robbery149_x264_24,Robbery,1
Robbery149_x264_25,Robbery,0
Robbery149_x264_26,Robbery,0
Robbery149_x264_27,Robbery,0
Robbery149_x264_28,Robbery,0
Robbery149_x264_29,Robbery,0
Robbery149_x264_30,Robbery,0
Robbery149_x264_31,Robbery,0
Robbery150_x264_0,Robbery,0
Robbery150_x264_1,Robbery,0
Robbery150_x264_2,Robbery,0
Robbery150_x264_3,Robbery,0
Robbery150_x264_4,Robbery,0
Robbery150_x264_5,Robbery,0
Robbery150_x264_6,Robbery,0
Robbery150_x264_7,Robbery,0
Robbery150_x264_8,Robbery,0
Robbery150_x264_9,Robbery,0
Robbery150_x264_10,Robbery,0
Robbery150_x264_11,Robbery,0
Robbery150_x264_12,Robbery,0
Robbery150_x264_13,Robbery,0
Robbery150_x264_14,Robbery,0
Robbery150_x264_15,Robbery,0
Robbery150_x264_16,Robbery,0
Robbery150_x264_17,Robbery,0
Robbery150_x264_18,Robbery,0
Robbery150_x264_19,Robbery,0
Robbery150_x264_20,Robbery,0
Robbery150_x264_21,Robbery,0
Robbery150_x264_22,Robbery,0
Robbery150_x264_23,Robbery,0
Robbery150_x264_24,Robbery,0
Robbery150_x264_25,Robbery,0
Robbery150_x264_26,Robbery,0
Robbery150_x264_27,Robbery,1
Robbery150_x264_28,Robbery,1
Robbery150_x264_29,Robbery,1
Robbery150_x264_30,Robbery,1
Robbery150_x264_31,Robbery,1
